{"wikiId": "1844615", "titre": "Redneck Zombies", "dateSortie": "1986", "duree": "83.0", "genre": ["Zombie Film", "B-movie", "Comedy horror", "Horror", "Creature Film"], "resume": "When a clan of hillbilly dirtfarmers turn a misplaced barrell of chemical waste into a whiskey still, going blind is the least of their worries as the toxic moonshine turns them into REDNECK ZOMBIES! Now they're ready to invite a group of wayward yankees to a down-home feast of southern-fried gore and mayhem that will turn your stomach and tickle your funny bone!\n"}