{"wikiId": "26429300", "titre": "Semum", "dateSortie": "2008-02-08", "duree": "116.0", "genre": ["Horror"], "resume": "Twenty-seven-year-old Canan  and her husband Volkan  have just moved into a large, new house. Life seems to continue on its routine track in the young couple's new house until one day, when Canan starts feeling that strange things are happening to her although she cannot understand what and why. Canan gradually starts turning into an evil creature as a mysterious and malicious being takes control of her body and actions day after day. Semum, the most loyal servant of the devil, has taken control of Canan, leading her toward hell.\n"}