{"wikiId": "10394806", "titre": "The Bride Comes Home", "dateSortie": "1935", "duree": "83.0", "genre": ["Romance Film", "Comedy", "Black-and-white"], "resume": "After the bankruptcy of her father's business, the penniless socialite Jeannette Desmereau  works with magazine editor Cyrus Anderson  and publisher Jack Bristow (Robert Young . They discuss love and wedding plans. However when Bristow would seem to marry her, Anderson prepares a plan to take her back. This is a romantic comedy with money, bad tempers and love in the balance. The Bride Comes Home also co-stars William Collier, Sr. and Donald Meek.\n"}