{"wikiId": "25562315", "titre": "Here", "dateSortie": "2009", "duree": "86.0", "genre": ["Black comedy", "Drama", "Comedy"], "resume": "Here follows the journey of a man who struggles to make sense of his reality. Reeling from the sudden death of his wife, he loses the will to speak and is interned at Island Hospital. There, he meets strident kleptomaniac Beatrice with whom he forms an inexplicable bond. As the man adjusts to life within, he is selected for an experimental treatment, which forces him to confront the devastating truth behind his past, present, and future.\n"}