{"wikiId": "12498208", "titre": "Wanted", "dateSortie": "2009-09-18", "duree": "153.0", "genre": ["Thriller", "Action Thrillers", "World cinema", "Action/Adventure", "Musical", "Crime Thriller", "Action", "Bollywood"], "resume": "The story is about Radhe , a hardcore gangster and assassin who would do anything for money. He falls in love with Jhanvi , a simple fitness trainer, who also has a soft spot for Radhe in her heart. The two are unable to express their love to each other, until one day, selfish Inspector Talpade  enters the love story and also falls for Jhanvi. He starts threatening Jhanvi and her family, as if Jhanvi did not marry him, he would rape Jhanvi's mother. When Radhe finds this out, he has a huge fight with Talpade, causing Talpade to realise he shouldn't mess with Radhe and he backs off. Soon enough, underworld don Gani Bhai  arrives in India for an assassination. Gani Bhai hires Radhe as his assassin and Radhe agrees. As Datta Pawle and Gani Bhai's gang are fighting for the biggest piece of Mumbai, commissioner Ashraf Khan  vows to make the city crime-free and starts his campaign by arresting 200 criminals. Ashraf Khan arrests and kidnaps Gani Bhai and holds him on a stranded boat where no one could find him. Gani Bhai tries hard to contact Radhe but fails in every attempt. Until, Ashraf Khan's daughter is kidnapped and he realises Gani Bhai's men are behind this, and he lets Gani free. Soon enough, Gani Bhai gets his head on a news that an IPS officer named Rajveer Shekhawat is after him and wants to murder him, so Gani attacks his father Shrikant Shekhawat . Shrikant doesn't give any information on his son, until he is held gunpoint by Gani Bhai's men. Assuming Ajay for Rajveer, Gani kills him. After realising his mistake Gani questions Shrikant. Shrikant does not tell him about the plans of Rajveer, and Gani Bhai murders Shrikant and leaves. His son, Rajveer Shekhawat arrives at the scene full of tears, and it is revealed that Radhe is actually IPS officer Rajveer Shekhawat, and he was undercover as a gangster to finish off Gani Bhai and his gang. Now, he vows to take revenge on his father's murderer.He Uses Talpade to track down him where Gani Says that He is located in Binnimills. Then Radheraids the Binnimill and Kills all of the goons including Gani's Right Hand Mona. When Radhe Kicks off Gani He can't able to Listen anything coz of the Powerful kick of Radhe. Then Gani attacks radhe But Radhe Gives him an Excellent Kickback such that the Blood oozes from gani's mouth and When he was about to kill Radhe, He was got his throat cut off by Radhe and Died Immediately on the spot Soon enough, Inspector Talpade enters the scene and pretends he didn't see anything, and is also then shot by Radhe. The film ends with Radhe quoting his tag line, \"\u090f\u0915 \u092c\u093e\u0930 \u091c\u094b \u092e\u0948\u0902\u0928\u0947 \u0915\u092e\u093f\u091f\u092e\u0947\u0902\u091f \u0915\u0930 \u0926\u0940, \u092b\u093f\u0930 \u092e\u0948\u0902 \u0905\u092a\u0928\u0947 \u0906\u092a \u0915\u0940 \u092d\u0940 \u0928\u0939\u0940\u0901 \u0938\u0941\u0928\u0924\u093e\" meaning \"Once I commit to something, I even don't listen to myself\". Then the credits roll.\n"}