{"wikiId": "13759105", "titre": "A Reckless Romeo", "dateSortie": "1917-05-21", "duree": "23.0", "genre": ["Short Film", "Silent film", "Indie", "Black-and-white", "Comedy"], "resume": "A philandering husband's public flirtation with a beautiful girl -- and the resulting brawl with the woman's boyfriend -- are captured by a newsreel cameraman. When the husband takes his wife and her mother out to the movies, the footage is shown on-screen. The husband tries to flee the theater, only to be spotted and leaped on by the woman's boyfriend, treating views to two simultaneous fights between the same two men, both on-screen and in the aisle.\n"}