{"wikiId": "31837052", "titre": "Mr. Nokia", "dateSortie": "2011", "duree": "140.0", "genre": ["Action"], "resume": "Nookayya , who calls himself Nokia, is an expert cell phone thief. He has a good heart though and together with his friends Nampally  and Charger , he takes care of orphans and abandoned kids. He is deeply in love with Shilpa , who is a waitress in a pub. Sana wants Nokia to settle down in life with a nice car, lots of cash and a house in order to marry. A desperate Nokia starts hunting for ways to achieve these things in life. On a separate note, Anu  and Kiran  are a newly married couple. On a trip to Bangalore, Kiran is kidnapped by a gang headed by Shajahan Bismil  and they demand a ransom of 2 Crores. In a curious twist of fate, the paths of both Nokia and Anu cross. They team up to save themselves and Kiran. How they are betrayed by the people they trust forms the rest of the story.\n"}