{"wikiId": "23570643", "titre": "There Ain't No Justice", "dateSortie": "1939", "duree": "83.0", "genre": ["Drama"], "resume": "Tommy Mutch  is a garage mechanic and small time boxer. With his family in financial difficulty he needs to find money in a hurry. As luck would have it he meets boxing manager Sammy Sanders . Sammy assures Tommy he can get him lucrative main event bouts. Tommy is promoted as the next boxing star which is reinforced with a series of convincing wins. However, Tommy discovers that the bouts were fixed by a gambling syndicate. He realises now that he has been set up by his manager and is expected to take a fall. He has little choice but to go-ahead but needs to come up with a plan. One that will guarantee a financial return for his family while also hitting the syndicates in the pocket.\n"}