{"wikiId": "11854684", "titre": "Franky Goes to Hollywood", "dateSortie": "", "duree": "12.0", "genre": ["Short Film", "Indie", "Comedy"], "resume": "It features many 2-3 minutes videos made by young , filmmakers. Franky is the dog in the beginning of Armageddon who falls into the meteor hole where Eddie Griffin holds onto him. The short film is a video of the dog's journey into the movie, beating up Godzilla and meeting famous actors like Michael Clark Duncan and Bruce Willis. The film is about 6 minutes.\n"}