{"wikiId": "34652488", "titre": "Jewelpet the Movie: Sweets Dance Princess", "dateSortie": "2012-08-11", "duree": "", "genre": ["Animation"], "resume": "Ruby and her friends are all headed to Sweetsland, the home of the Sweetspets to celebrate Princess Mana's birthday with a festival. However during the preparations, a strange object falls from the skies, containing a male Sweetspet named Gumimin. Not knowing to everyone, he can be the only key on saving Sweetsland from an impending chaos, and eat all the sweets in the land to help save it.\n"}