{"wikiId": "3370462", "titre": "The Addiction", "dateSortie": "1995-01", "duree": "84.0", "genre": ["Drama", "Horror", "Black-and-white"], "resume": "Kathleen Conklin , a young philosophy student at New York University, is attacked by a woman , who tells her \"order me to go away\" and, when the frightened Kathleen is unable to do so, bites her neck and drinks her blood. Kathleen develops several of the traditional symptoms of vampirism, including aversion to daylight, but the film's main focus is on her moral degradation. It is hinted that vampires become immortal in this film, the price being an addiction to blood. Vampires are shown repeatedly resorting to the strategy of blaming their victims for not being strong enough to resist them. As one of Kathleen's victims weeps incredulously over the damage, Kathleen coldly informs her: \"My indifference is not the concern here - it's your astonishment that needs studying.\" Eventually Kathleen meets Peina , who claims to have almost conquered his addiction, and as a result is almost human. For a time he keeps her in his home trying to help her overcome hers, recommending that she read William S. Burroughs' Naked Lunch. At her graduation party, she says \"I'd like to share a little bit of what I've learned\" she and her victims  attack the party goers, participating in a bloody, chaotic vampire orgy. In an ambiguous finale, Kathleen is again confronted with the woman who first bit her, who stops her suicide attempt and quotes R. C. Sproul to her. But Conklin resists, receives absolution from a Catholic priest, and is shown walking away from a grave with her own name on it, in broad daylight. Coincidentally, her birthdate on the tombstone is Hallowe'en, 1967. The date of her death is November 1, 1994. The Biblical quote inscribed is John 11:25.\n"}