{"wikiId": "7874801", "titre": "Rogue Trader", "dateSortie": "1999", "duree": "90.0", "genre": ["Crime Fiction", "Biography", "Drama", "Film adaptation"], "resume": "Rogue Trader tells the true story of Nick Leeson, an employee of Barings Bank who after a successful spell working for the firm's office in Indonesia is sent to Singapore as General Manager of the Trading Floor on the SIMEX exchange. The movie follows Leeson's rise as he soon becomes one of Barings' key traders. However, everything isn't as it appears&nbsp;\u2014 through the 88888 error account, Nick is hiding huge losses as he gambles away Baring's money with little more than the bat of an eyelid from the powers-that-be back in London. Eventually the losses mount up to well over \u00a3800 million and Nick, along with his wife Lisa, decide to leave Singapore and escape to Malaysia. Nick doesn't realise the severity of his losses until he reads in the newspaper that Barings has gone bankrupt. They then decide to return to London but Nick is arrested en route in Frankfurt. Nick is extradited to Singapore where he is sentenced to six and a half years in jail and is diagnosed with colon cancer. Because of this, he did not complete his sentence.\n"}