{"wikiId": "26967686", "titre": "On Tour", "dateSortie": "2010-06-30", "duree": "112.0", "genre": ["Drama", "Comedy", "World cinema"], "resume": "Formerly successful television producer Joachim Zand returns from America to his native France, where he previously has left everything behind, including friends, enemies and his own children. In his company is a burlesque striptease troupe whom he has promised a grand performance in Paris. Together they tour the French port cities, staying at cheap hotels and making success along the way. Old conflicts are however reignated upon the return to the French capital. Joachim is betrayed by people from his past, making him lose the venue where they were to perform, and the Paris finale comes to nothing.\n"}