{"wikiId": "31366063", "titre": "Don't Go Breaking My Heart", "dateSortie": "2011-03-31", "duree": "115.0", "genre": ["Romance Film", "Comedy"], "resume": "Chi Yan  is an analyst who just broke up with her boyfriend  as he was having a baby with another woman . Sean  a CEO of a broker firm knew Chi Yan as her office is just opposite of his. He liked Chi Yan all the while, but knew that she was in a relationship and did not want to interfere, and started to take action as he saw what happened in the bus between Chi Yan, her ex, and his current wife. However, Kevin , an engineer, who dressed shabbily, and an alcoholic helped Chi Yan out when she was heartbroken by her ex. With Chi Yan's support and, Kevin decided to pick up designing again, and dated her to meet up again a week later. Chi Yan totally forgot about it as she was starting out with Sean, but it did not work out as Sean had a one night stand with Angelina who started with a misunderstanding and ended his relationship with Chi Yan. Sean later shifted his office as the economy crisis caused him to lose a big sum of money and went over to US. Three years later, Sean comes back into her life as her boss. He tries to win her heart again, but she is put off, because he would be easily seduced by women. Chi Yan becomes disappointed him and right around this time, Kevin also comes back into her life. Subsequent their last meeting, he successfully started an architecture film and moves to where Sean's old office was located. Both guys court her and she must choose between the aggressive \"flower-hearted\" Sean or the sincere Kevin.\n"}