{"wikiId": "9264215", "titre": "Walk Hard: The Dewey Cox Story", "dateSortie": "2007-12-21", "duree": "120.0", "genre": ["Parody", "Musical", "Drama", "Comedy", "Musical comedy"], "resume": "Dewey Cox begins his quest for stardom in Springberry, Alabama in 1946. While playing with his brother Nate, Dewey accidentally cuts his brother in half at the waist with a machete. This leads Dewey's father  to frequently repeat the phrase \"The wrong kid died\" throughout the film. The trauma causes Dewey to lose his sense of smell&nbsp;&ndash; \"you've gone smell blind,\" states Dewey's mother. After his brother's death is announced by a physician making a housecall, Dewey's mother  sends him to the local store to buy some butter and a candle. There, he meets a blues guitarist , who lets Dewey play his guitar. Dewey is a natural. After a successful, yet oddly controversial, talent show performance, then fourteen-year-old Dewey  decides to leave Springberry with his newly-identified 12-year-old girlfriend, Edith . They soon marry and have a baby; Edith begins to criticize Dewey and insist that his dream of being a musician will never happen. While working at an all-African American nightclub, Dewey gets a break when he replaces singer Bobby Shad (Craig Robinson  at the last minute, much to the delight of the Hasidic Jewish record executives attending the show. Dewey then is brought to the studio where he is interrupted while recording a rockabilly rendition of \"That's Amore\". The recording executive  berates Dewey as talentless. Backed into a corner, Dewey makes the first recording of \"Walk Hard\", the song inspired by a speech Dewey gave to Edith. Within 35 minutes, the song becomes a hit, and Dewey begins to get caught up in the fame of rock and roll. When Dewey stumbles upon a room of groupies smoking with drummer Sam , Sam introduces Dewey to marijuana. Sam tells Dewey to leave because he \"don't want no part of this shit\"  but Dewey eventually tries it and continues to do so every time he finds Sam with a new drug. His attitude and drug problems cause him to become unfaithful to Edith. Dewey's father then returns to inform Dewey that Dewey's mother has died. Pa manages to make Dewey feel responsible for her death, contributing to an already high level of inner turmoil. Dewey is then introduced to cocaine, which leads to a change in his music to a louder, \"punk\" type. With the addition of backup singer Darlene Madison , Dewey produces several more hit records. However, they become attracted to each other, and Dewey weds Darlene while still married to Edith, which leads to both women leaving him. Dewey is eventually busted after purchasing drugs from an undercover cop, serves time in jail, and spends time in rehab before Darlene returns. They then move to Berkeley, California, in 1966 at the beginning of the '60s counterculture movement. Dewey writes protest songs for dwarfs. His singing style is then compared by a reporter to that of Bob Dylan, which Dewey angrily denies. In the next scene, a music video shows that Dewey's new song mimics Dylan's style, including opaque lyrics . During a visit with his band to India, Dewey takes LSD with The Beatles , which causes Dewey to lose touch with reality yet again and have a Yellow Submarine-esque hallucination. Dewey becomes obsessed with every aspect of the recording process and is consumed with creating his masterpiece entitled Black Sheep (an homage to Brian Wilson's Smile . The band does not appreciate his insane style of music and his continuous abuse of the others in the group. As a result the band breaks up; Darlene is also unable to deal with Dewey's insanity and drug problems and leaves him. Dewey goes through another stay in rehab, where he is visited by Nate's ghost . Nate ridicules Dewey's self-pity and tells him to start writing songs again. Dewey is next seen jogging into the 1970s, and hosting a CBS variety television show. But his song-block prevents him from writing a masterpiece for his brother. . Nate appears again and tells Dewey that he needs to tell Pa that he loves him. Although Dewey's father appreciates his courage, he challenges Dewey to a fight to the death with machetes. However, Pa accidentally cuts himself in half. Just before he dies, the senior Cox forgives Dewey, and tells him to be a better father than he was. His death causes Dewey to have an emotional breakdown and he destroys almost everything in his home. Dewey accepts that it is time to focus on spending time with his numerous children. Darlene returns to him in 1992. Dewey talks to Darlene about what he has done since they last met. After finally understanding what is most important to him, Dewey regains his sense of smell. In 2007, Dewey becomes popular with younger listeners through rapper Lil' Nutzzak's sampling of \"Walk Hard\". Dewey is upset about this at first, but pays it little mind when he is informed that he is to receive the lifetime achievement award. Dewey is reluctant to play a song at first, fearing the temptations he once succumbed to, but his wife, children and grandchildren put their full support behind him. Dewey reunites with his band, and he is finally able to fulfill his dream of creating one great masterpiece that sums up his entire life with his final song, \"Beautiful Ride.\" Dewey dies 3 minutes after the performance.\n"}