{"wikiId": "35005207", "titre": "Giran", "dateSortie": "2009-10-10", "duree": "105.0", "genre": ["Documentary"], "resume": "Built at the dawn of the 20th century, the neighborhood of Garden City was a small residential area bordering on downtown Cairo, Egypt, where international political leaders had their residences. Giran walks us through this neighborhood as it is nowadays. Abandoned mansions, luxurious salons, embassies, shops or rooftops, where a whole family lives. The houses and their occupants, witnesses of the changes in History, tell tales of break-ups, hopes and survival.\n"}