{"wikiId": "3093681", "titre": "Across the Wide Missouri", "dateSortie": "1951-10-23", "duree": "78.0", "genre": ["Action/Adventure", "Epic Western", "Western", "Indian Western"], "resume": "In the 1830s in the Rocky Mountains, fur trapper Flint Mitchell  meets at the summer \"Rendezvous\" with other mountain men, cashing in his furs, drinking, and enjoying contests among his friends. He organizes a hunting \"brigade\" into the beaver-rich Blackfoot territory, buying horses and recruiting trappers, despite protests from his Scottish friend and former trading partner, Brecan , who lives among the Blackfoot and warns him that the land belongs to them. Flint outbids Brecan for Kamiah , the granddaughter of Blackfoot medicine man Bear Ghost and adopted daughter of a Nez Perce chief, Looking Glass . Brecan wants to return her to the Blackfoot, to promote peace between the tribes, while Flint wants to marry Kamiah and ensure the brigade's safety. Pierre , a French Canadian trapper, and Captain Humberstone Lyon , another Scotsman, who fought in the Battle of Waterloo, join Flint on the dangerous expedition. Kamiah successfully guides Flint and his men on their trek through the high passes filled with crippling snow drifts and delivers them to the Blackfoot territory, where they build a stockade. Flint narrowly escapes capture and death by Ironshirt , a young Blackfoot prince and war chief, who kills Baptiste DuNord, one of Flint's best trappers. Ironshirt steals the brigade's horses, but Flint impresses Bear Ghost (Jack Holt , who orders them returned. Though he marries Kamiah for reasons other than love, and cannot speak her language, Flint falls in love with her. As Flint and Kamiah grow closer, Flint and Bear Ghost become good friends. Bear Ghost prevents Ironshirt from harming Flint and his men, but catastrophe strikes when Roy DuNord, another of Flint's men, kills Bear Ghost to avenge his brother's death. Although Brecan kills Roy, and Flint sinks into a grieving depression over the death of Bear Ghost, Ironshirt succeeds Bear Ghost as chief and resumes his campaign to drive the white trappers out of his country. In the spring, Kamiah gives birth to a boy, Chip. On the way to Rendezvous, the brigade is attacked by a large war party under Ironshirt and Kamiah is killed. With Chip strapped to its back, Kamiah's horse bolts during the attack and is chased by Ironshirt, intent on killing the boy. Flint manages to kill Ironshirt, however, and rescue his son. As the years pass, Flint takes Chip to live in the Blackfoot camp, where, Flint believes, Kamiah would have wanted him. Although Flint intends to have the boy formally educated in the East, Chip persuades him year after year to postpone his schooling, learning the ways of the mountains from his father.\n"}