{"wikiId": "5971538", "titre": "28 Weeks Later", "dateSortie": "2007-04-26", "duree": "100.0", "genre": ["Thriller", "Science Fiction", "Horror", "Doomsday film", "Sci-Fi Horror", "Plague", "Zombie Film"], "resume": "During the original outbreak of the Rage Virus, Don, his wife Alice and four other survivors are hiding in a barricaded cottage on the outskirts of London with food and water left for only a few days. They hear a terrified boy, who is running away from the infected, pounding at their door. They let him in and give him some food to eat. He explains that his own parents tried to kill him. Another survivor named Karen checks outside through a peephole, but one of the infected attacks her and bites her on the arm. Survivor Jacob tries to save her, but Karen attacks him as well. Alice takes the boy upstairs, Jacob and an elderly couple hide in the barn, and Don defends them and kills a few of the infected with a crowbar. In the barn, the couple is attacked, and Jacob tries to save a woman named Sally, to no avail. He locks himself in the attic and finds his way outside. Alice and the boy lock themselves in the room, but the infected find and attack them. Don finds them, but escapes through the window, leaving them to be attacked by the infected. He runs through fields, as a horde of infected pursue him. He finds Jacob near a motorboat; Don starts it, but Jacob falls down and is infected as Don escapes. After five weeks, all the infected have died of starvation. After eleven weeks, NATO forces headed by the US take control of Great Britain. After eighteen weeks the island is declared relatively safe, although still under quarantine. Twenty-eight weeks after the outbreak, an American-led force, under the command of Brigadier General Stone, bring in settlers to re-populate the area. Among the new arrivals are Tammy and Andy, Don and Alice's children, who were in Spain on a school trip during the initial outbreak. They are subsequently admitted to District One, a safe zone guarded by the US Army, on the Isle of Dogs. As they are examined by Major Scarlet Levy, the district's chief medical officer, she notes Andy's differently coloured eyes, a trait inherited from his mother. Sergeant Doyle, a Delta sniper and his friend, helicopter pilot Chief Flynn, are amongst the military presence charged with guarding the district. The children are reunited with their father, who had survived the original infection and was found by the US army, and who has become the district's senior maintenance engineer. In their new flat, Don explains what happened and that after he escaped, he arrived in a military camp and waited with the soldiers through the weeks. The next day, Tammy and Andy, mournful over the loss of their mother, leave the safe zone and proceed to the depopulated London wasteland area to their former house on a scooter, hoping to retrieve and take their old belongings with them. To their shock, they find their mother in a semi-conscious state. Doyle had seen the two children leave the safe zone; they and their mother are subsequently picked up by soldiers and returned to the district. Tammy and Andy are taken back to their living quarters while Alice is taken to a biohazard room where she is tested and found to be an asymptomatic carrier of the Rage Virus, with the virus inside her but with no symptoms. Later that day, Don sneaks through the security and makes an unauthorized visit to Alice in her isolation cell and asks forgiveness for abandoning her at the cottage. When they kiss, however, the Rage Virus in her saliva immediately infects Don, who savagely kills her before going on a rampage, killing and infecting several soldiers in the building. General Stone orders the building to be quarantined and District One to be put into Code Red Lock-down, and civilians are herded into safe rooms. Despite the precautions, Don breaks into a room containing a large crowd and begins killing and infecting them, quickly causing a domino effect of attackers. Scarlet rescues Tammy and Andy from containment as the soldiers in District One are ordered to shoot indiscriminately. Doyle, unable to bring himself to comply with the order, abandons his post and escapes with Scarlet, the children and others through the Greenwich foot tunnel. General Stone then orders that District One be firebombed, but large numbers of the infected, including Don, escape the bombardment. Scarlet informs Doyle that the children may hold the key to a cure and must be protected at all costs. Flynn arrives by helicopter to pick up Doyle, but refuses to take anyone else as they would be shot down if carrying possibly infected people. Flynn contacts Doyle by radio and tells him to head to Wembley Stadium, but to leave the civilians. Doyle ignores his instructions and begins escorting the civilians to Wembley, breaking into an abandoned car to escape nerve gas released to kill the infected. He is burned alive by soldiers as he tries to push start the car. Scarlet drives the car away, but a military chopper tries to blow them up; she manages to escape the chopper with the kids. She drives them into the London Underground where, as the trio continue on foot, she is ambushed and killed by Don who then attacks and bites Andy. Tammy shoots Don before he can kill Andy who remains symptom-free, but with darker, bloodier eyes, like his mother. The children continue to the Stadium and are picked up by a reluctant Flynn, who flies them across the English Channel to France, as previously instructed by Doyle. 28 days after the events, a French-accented voice requesting help is heard from the radio in Flynn's abandoned helicopter. A group of infected are seen running through a tunnel which, as they emerge into the open, is revealed to be the exit of the Paris M\u00e9tro Trocad\u00e9ro station with a view of the nearby Eiffel Tower, meaning that the infection spread around Europe.\n"}