{"wikiId": "4956151", "titre": "Charlie Ve'hetzi", "dateSortie": "1974", "duree": "96.0", "genre": ["Cult", "Romance Film", "Drama", "Comedy"], "resume": "Charlie gets by through fleecing suckers with a three-card Monte. He passes himself off as a rich businessman. Miko is a street kid who spends his time with Charlie instead of going to school. His sister tries to raise him on her own, unsuccessfully. The plot follows Charlie's attempt to conquer the heart of Gila, a rich girl whose parents try to matchmake her to an American millionaire somewhat against her will.\n"}