{"wikiId": "4037444", "titre": "Producing Adults", "dateSortie": "2004", "duree": "100.0", "genre": ["LGBT", "World cinema", "Comedy-drama", "Gay", "Gay Interest", "Drama", "Comedy", "Gay Themed", "Romantic drama"], "resume": "The film deals with the myriad complications arising from Venla's  desire to have a child. Her longtime boyfriend Antero  is reluctant, fearing that fatherhood will imperil his last chance to succeed in his speed skating career and by seeing his friend go through fatherhood. Antero does some extreme things to avoid getting Velna pregnant and she begins to be equally devious in her attempts to conceive. Venla seeks help from her bisexual co-worker at a fertility clinic and the relationship between the two begins to blossom amongst many setbacks.\n"}