{"wikiId": "32519181", "titre": "El crack", "dateSortie": "", "duree": "130.0", "genre": ["Crime Fiction", "Mystery", "Drama", "Thriller"], "resume": "Germ\u00e1n Areta, a 43-year-old private detective, spent 12 years at the FBI and now has an office working as a private detective devoting himself to solving cases. One day, Francisco Medina, a mysterious man comes to German's office and gives the commission of finding his daughter, Isabel, a 17-year-old girl, of which he does not know her whereabouts. The only reference is a boyfriend who took the girl and now works in radio. Germ\u00e1n comes in contact with him and learns that she became pregnant and the father forced her to have an abortion in London, then lost her trail. In his spare time, Germ\u00e1n goes out with Carmen, a nurse who has a four-year-old daughter, Maite, born from a relationship with a married man. The detective has been fond of the little girl, he takes her to school and plays with her. They begin to pressure the detective through various channels to stop investigating the case of Medina's daughter disappearance. Someone of high finance areas are involved in the girl's missing case, and as a warning to the detective, a bomb in a car kills Maite. This leaves Areta heartbroken, but more determine than ever to find the truth of what ever happened to Isabel. Germ\u00e1n speaks to one of the men paid by the financier, about Medina's case. The girl died at the hands of financial sadist. Areta moves to New York in pursue of the responsible for the deaths of Maite and Isabel. At his return to Madrid, Germ\u00e1n rekindles his relationship with Carmen.\n"}