{"wikiId": "2643816", "titre": "The Producers", "dateSortie": "2005-12-16", "duree": "133.0", "genre": ["LGBT", "Parody", "Musical", "Comedy"], "resume": "The flop musical \"Funny Boy\"  opens \u2013 and closes . Afterward, Leo Bloom  arrives at the office of the show's washed up producer, Max Bialystock . Max has hired Leo Bloom as his accountant. While studying Max's books, Leo inadvertently inspires Max to gain more money with a flop than a hit by putting on a show that is certain to fail at the box office after collecting an excessive amount of money from their backers and cleverly changing their accounts, leaving them with $2,000,000 to spend. At first, Leo refuses to participate. Max, who cannot change the books himself, attempts to coax Leo into the scheme , but Leo still refuses and returns to his old accounting firm, Whitehall & Marks. After being chastised by Mr. Marks , Leo fantasizes about being a Broadway producer . Realizing that he wants to get into the world and take this risk, Leo quits his job and, with Max, forms Bialystock & Bloom. Max and Leo search for \"the worst play ever written\" and discover Springtime for Hitler, written by an ex-Nazi named Franz Liebkind . They are coerced into performing Adolf Hitler's favorite tune and swearing the sacred \"Siegfried Oath\" in order to gain Liebkind's signature for Broadway rights to the musical . They solicit a flamboyant gay director, Roger De Bris   and his faithful theatrical companion, Carmen Ghia , to direct and choreograph the play. Roger initially refuses saying that the musical is far too dark and gritty and that Broadway needs to be more \"gay\" . He is talked into it, however, after being enticed by Max and Leo, who tell him that if he directs the play, he is certain to win a Tony. Then, Ulla , a beautiful Swedish woman, appears at their office for casting despite there being no auditions. Max insists on hiring her as their secretary and auditioning her . To gain the finances for the musical Max has dalliances with every old lady across town . Max and Leo return to the office to discover that Ulla has redecorated it to be entirely white. After Max leaves, Leo laments about Ulla and the dangers of sex straying him from his work, but the attraction between them nevertheless culminates in a kiss between Leo and Ulla . Later, at the auditions for the role of Hitler, Franz becomes angered at a performer's rendition of Hitler's favorite German song. Franz storms the stage and sings the song the correct way . Max hires Franz to play Hitler. On opening night, as the cast and crew prepare to go on stage, Leo wishes everyone \"good luck\", to which the players are horrified. They explain to Leo that it is in fact \"bad luck\" to say \"good luck\" on opening night and that the correct phrase is to say \"break a leg\" . Franz leaves to prepare and, in his rush, literally breaks his leg. Max enlists Roger to perform the role in his place, and Roger accepts. As the show opens, the audience is horrified and begins to walk out until Roger steps on stage as Hitler. Because his performance is so flamboyant, the audience misinterprets the play as an anti-Nazi parody and a mockery of Hitler rather than Franz's original vision . As a result, the show is a success and the IRS will be keeping tabs on Max and Leo. After the show, an angry Franz starts trying to shoot the producers for, despite his show being a hit, making a fool out of Hitler. However, the police arrest him after hearing the shots, but not before he breaks his other leg while trying to escape. Max, too, gets arrested for his tax fraud. Leo hides away from the police, and Ulla finds him hanging on a coat hanging rod; then, they escape to Rio de Janeiro , but they return to stand up for Max in court when Leo realizes that Max is the one person who has ever shown him any degree of respect . The judge sentences them both to five years at Sing Sing, but they and Franz are pardoned by the Governor after writing a musical in prison (\"Prisoners of Love . At the end, they go on to become successful Broadway producers.\n"}