{"wikiId": "31558295", "titre": "Pak! Pak! My Dr. Kwak!", "dateSortie": "2011-04-23", "duree": "", "genre": ["Comedy film", "Fantasy"], "resume": "Angelo  dreams of creating a medicine that could cure his father\u2019s illness. With some knowledge about medicinal herbs, he makes a living as a faith healer. Everyone believes him, except Cielo Delos Santos , a doctor who swears to do everything to uncover Angelo\u2019s secret. Things get a little complicated when Angelito , an exiled angel comes down to earth to help Angelo become a better man. As the three of them try to achieve their own goals, they realize that they need each other more than they are willing to admit.\n"}