{"wikiId": "596701", "titre": "Pumpkinhead", "dateSortie": "1989-01-13", "duree": "87.0", "genre": ["Monster movie", "Horror", "Indie", "Supernatural", "Creature Film", "Slasher"], "resume": "Ed Harley  owns a small store in the country. He briefly leaves his young son alone while he runs an errand. A group of teenage campers stop by Harley's. While riding their dirt bikes, they mortally injure Harley's son. One teen, Steve, stays with the boy until his father's return; the rest flee the scene. At their cabin, the campers fight about whether or not to call the police. Joel, who is responsible for the boy's injury and is on probation for a similar incident, knocks one of his friends unconscious and locks two others in the closet to stop them from contacting the authorities. Harley goes to see a supposed witch, who says she cannot bring his son back. After Harley says that as a boy, he saw the witch controlling a mysterious creature, the witch agrees to help Harley seek revenge, but she warns him that vengeance comes with a powerful price. On her orders, Harley goes to an old pumpkin patch, digs up a disfigured corpse, and brings it back to the witch's home. The witch uses blood from father and son to resurrect the creature's corpse. Back at the cabin, one of the girls, Maggie, hears a voice whispering her name. Seemingly hypnotized, she follows the voice outside the cabin. Steve brings her out of her trance, but he is then attacked by the creature and killed. Harley experiences the murder through the creature's eyes. While the campers search for Steve, a clawed hand seizes Maggie, dragging her away. Harley has a vision of the creature killing Maggie and he returns to the witch, begging her to stop the monster. The witch laughs and says nothing can stop the monster. She warns that Harley will die too if he interferes. Joel confronts the monster with a knife, but the monster swats him aside and drags off another of the teens. The three remaining campers beg the locals for help, but the locals refuse, saying the three campers are \"marked.\" Harley arrives and shoots the creature, but when Joel checks to see if it's dead, the creature impales Joel on his own rifle. A local boy, Bunt, helps the two living campers, Tracey and Chris, reach an abandoned church. Bunt relates the legend of the monster Pumpkinhead, explaining that the creature avenges one who was wronged. If anyone tries to stop Pumpkinhead, that person becomes marked as another victim. The creature attacks and throws Chris against a tree, then drags his body back to Harley's house, where Tracey, Bunt, and Harley have taken shelter. Bunt is caught when Pumpkinhead enters the house. While Harley experiences the murder, Tracey is terrified to see that his face has changed to resemble the monster's. She runs outside and finds Chris struggling to crawl away as Pumpkinhead prepares to kill Bunt. Harley stumbles out of the barn but is accidentally stabbed in the arm by a pitchfork. Both Harley and Pumpkinhead cry out in pain, and the creature releases Bunt. Harley notices that Pumpkinhead's face is turning more human, then realizes that he and Pumpkinhead are one. The only way to kill the creature is to die himself. The creature grabs Tracey by the neck, but before it can kill her, Harley shoots himself in the head. Both he and Pumpkinhead momentarily collapse to the ground. Pumpkinhead grabs Bunt again. Tracey grabs the gun, and Harley begs her to kill him. Harley, now fully changed, tries to attack Tracey. She shoots him several times until both he and Pumpkinhead fall to the ground, dead. Tracey, Bunt, and Chris then watch as Pumpkinhead bursts into flames. Later that night, back in the pumpkin patch, the witch buries Harley's now-disfigured corpse in Pumpkinhead's grave. The film ends showing his corpse still holding onto the necklace his son Billy, made him.\n"}