{"wikiId": "5735742", "titre": "Latin Dragon", "dateSortie": "2004-05-18", "duree": "101.0", "genre": ["Crime Fiction", "Action Thrillers", "Action/Adventure", "Martial Arts Film", "Thriller", "Action"], "resume": "In the grand tradition of the lone hero who mysteriously appears in a town desperate for help , having survived a war and now serving the government as an undercover agent, Danny Silva takes on his biggest foe yet: the street gangs that have taken over his neighborhood. Unwilling to play by the rules set down by the criminals, Silva forgoes the use of guns and decides to battle the thugs with the strength of his fists, spirit and willpower, turning himself into a real-life, modern-day superhero. Packed with pulse pounding, adrenaline-filled action; \"Latin Dragon\" gives us our first mainstream Latino martial arts action hero\n"}