{"wikiId": "22645057", "titre": "The Flying Liftboy", "dateSortie": "1998-11-26", "duree": "105.0", "genre": ["Family Film", "Adventure"], "resume": "Young Abeltje gets a job as a liftboy in a department store. His boss tells him that he may not press the elevator's top  button under any circumstances. One time, when Abeltje gets into trouble, he presses the button, and the elevator goes shooting out the building and flies off. Trapped with him on the elevator are a travelling mothball salesman, Jozias Tump; a singing instructor, Miss Klaterhoen, and a young girl, Laura. They fly across the ocean and eventually arrive in New York City, where they land in Central Park. In New York, Abeltje is mistaken for another boy who has gone missing. They leave New York and fly to South America, where Tump is made president of a banana republic and the missing boy is freed. A coup against Tump breaks out and the foursome once again manage to escape with their lift.\n"}