{"wikiId": "17362385", "titre": "Codename Cougar", "dateSortie": "1989", "duree": "90.0", "genre": ["Thriller", "Chinese Movies", "Political thriller"], "resume": "The film follows a commercial airliner on a routine flight between Taipei and Seoul that is hijacked and taken to mainland China by the fictional Taiwan Revolutionary Army Front. Communist authorities cannot seize the plane because of the presence of an important business figure on the flight, and agree to cooperate discreetly with Taiwanese authorities to defuse an already tense situation.\n"}