{"wikiId": "11667911", "titre": "The Resurrected", "dateSortie": "1992", "duree": "108.0", "genre": ["Drama", "Detective fiction", "Horror", "Detective", "Film adaptation"], "resume": "Claire Ward  hires private investigator John Marsh  to look into the increasingly bizarre activities of her husband Charles Dexter Ward . Ward has become obsessed with the occult practices of raising the dead once practiced by his ancestor Joseph Curwen . As the investigators dig deeper, they discover that Ward is performing a series of grisly experiments in an effort to actually resurrect his long-dead relative Curwen.\n"}