{"wikiId": "68125", "titre": "The Blood of Jesus", "dateSortie": "1941", "duree": "58.0", "genre": ["Christian film", "Race movie", "Black-and-white"], "resume": "In a small rural village with an African American population, a church group is holding a riverside baptismal service, and one of the faithful being immersed is the recently-married Martha . However, Martha\u2019s husband Ras (Spencer Williams  is absent from the service \u2013 he claims he was hunting, but he actually poached a neighbor\u2019s boar. At home, Ras accidentally shoots Martha when his rifle drops on the floor and discharges. The church congregation gathers at Martha\u2019s bedside to pray for her recovery, and during this period an angel  arrives to take Martha\u2019s spirit from her body. She is brought to the Crossroads between Heaven and Hell, and initially she is tempted by the slick Judas Green , who is an agent for Satan . Judas takes Martha to a nightclub, where the floor show includes an acrobat and a jazz singer. Judas arranges to have Martha employed by the roadhouse owner Rufus Brown, but the angel returns and advises Martha to flee. As she is escaping, a nightclub patron mistakenly believes Martha is a pickpocket who robbed him. A chase ensues and Martha races back to the Crossroads, where Satan  is waiting for her arrival. The angel appears to protect Martha from the mob, who are driven away. The sign at the Crossroad is transformed into the vision of Jesus Christ being crucified, and Christ\u2019s blood drips down on Martha\u2019s face. She awakens to discover she is home and her health is restored. Martha is reunited with her husband, who has now embraced religion. The angel who took Martha on her journey returns to bless the marriage.\u201cThe Bootleg Files: The Blood of Jesus,\u201d Film Threat, September 1, 2006\n"}