{"wikiId": "23939272", "titre": "Million Dollar Legs", "dateSortie": "1932", "duree": "64.0", "genre": ["Black-and-white"], "resume": "While visiting the mythical country of Klopstokia on business, brush salesman Migg Tweeny  collides with a young woman  on the street and the two fall instantly in love. Her name is Angela\u2014all the women in Klopstokia are named Angela\u2014and she is the daughter of Klopstokia's President , whose country is bankrupt, and who relies upon his great physical strength to dominate a cabinet that is conspiring to overthrow him. Tweeny, hoping to win the hand of The President's daughter in marriage, presents him with a plan to remedy Klopstokia's financial woes: The President is to enter the 1932 Summer Olympics, win the weightlifting competition, and collect a large cash reward that has been offered to medalists by Tweeny's employer. Tweeny then sets out to find athletes to make up Klopstokia's Olympic team, and quickly discovers that the country abounds in athletes of preternatural abilities. The team, with Tweeny as their trainer, boards a steamship bound for America. Meanwhile, the rebellious cabinet ministers, who are determined to sabotage Klopstokia's Olympic bid, have enlisted the services of \"Mata Machree, the Woman No Man Can Resist\" , a Mata Hari-based spy character who sets out to destroy the Klopstokian team's morale by seducing each athlete and then setting them against each other in a collective brawl. Her efforts have the intended effect: when the team arrives in Los Angeles they are in no condition to compete. After a pep talk from Tweeny fails to inspire them, Angela tracks down Mata, defeats her in an underwater fight, and forces a confession from her before the assembled team, which restores the athletes' fighting spirit. They take to the field and begin winning events. By the time the weightlifting competition begins, Klopstokia needs only three more points for victory. In the film's final scene, Tweeny excites The President's fierce temper in order to inspire him to a final superhuman effort. The President throws a 1000-lb weight at Tweeny, missing him but winning both the weightlifting competition and the shot put for Klopstokia.\n"}