{"wikiId": "12321731", "titre": "Dreams on Spec", "dateSortie": "2007", "duree": "86.0", "genre": ["Biography", "Documentary", "Media Studies", "Film"], "resume": "The film follows three aspiring screenwriters as they struggle to turn their scripts into movies.  David is a hip talent agent's assistant with three scripts circulating around town. He's plugged into \"young Hollywood\" - and when he's not working or writing, he's usually hanging out at the beach. Joe is a middle-aged family man who has split time over the last three years between caring for his autistic daughter and writing what he believes could be the great American screenplay. And Deborah is trying to become one of the few African-American women to ever write and direct a feature film, though she's struggling just to pay her bills while she searches for money to produce her script. Between these stories, the film intercuts critical insight from such Hollywood screenwriters as James L. Brooks, Nora Ephron, Carrie Fisher, Gary Ross, Steven E. de Souza, Ed Solomon, Paul Guay, Larry Karaszewski and Scott Alexander.Creative Screenwriting magazine, January-February 2006, \"Daniel Snyder Documents the Dream,\" p. 16.\n"}