{"wikiId": "25392992", "titre": "I Am", "dateSortie": "", "duree": "110.0", "genre": ["Romance Film", "Drama", "Adventure"], "resume": "Afia\" - A single woman  decides to become a mother using a sperm donor. \"Megha\" is inspired by Sanjay Suri's experiences in Kashmir. *\"Abhimanyu\" - Abhimanyu , a successful director, is haunted by memories of sexual abuse as a child.<ref namehttp://www.thehindu.com/life-and-style/metroplus/article961085.ece |title2010-12-19 |publisherChennai, India |firstVijaykumar}} He must deal with his dark memories even as he struggles with his sexual identity. \"Abhimanyu\" is based on the experiences of fashion designer Ganesh Nallari and gay rights activist Harish Iyer. \"Omar\" is inspired by stories and research material provided by the online portal Gay Bombay.\n"}