{"wikiId": "16564257", "titre": "The Imposter", "dateSortie": "2008", "duree": "101.0", "genre": ["Drama"], "resume": "The Imposter deals with the lifestyle and subsequent breakdown of a Christian rock singer. Kevin Max stars as Johnny C, a talented singer who is addicted to oxycodone. After his wife and child leave him, Johnny is fired from the band by leader James, played by Jeff Deyo. Johnny tries to make it on his own but gets swindled by a sleazy record producer and beat up by his drug suppliers. Finally out of options, Johnny travels home to see if his family will take him back.\n"}