{"wikiId": "28222279", "titre": "Doomwatch", "dateSortie": "1972-03", "duree": "88.0", "genre": ["Monster movie", "Thriller", "Detective fiction", "Horror", "Detective", "Science Fiction", "B-movie"], "resume": "An outsider visits a remote isolated village that has seemingly shunned the modern life. Doctor Del Shaw, an investigator from the British ecological watchdog group nicknamed Doomwatch, is sent to the island of Balfe, to file a report on the effects of a recent oil tanker spill. He becomes fascinated with the mysterious behavioural disorders of the locals who display rudeness and random aggression and a strange genetic prevalence of thick lips and sloping brows. Investigation shows that the villagers have been suffering over a prolonged period from hormonal disorders, which are being caused by leaking drums of growth stimulants that have been dumped offshore. The islanders have been eating contaminated fish and are in turn developing acromegaly, a disorder of excessive hormonal growth, usually the result of family interbreeding, which produces aggression and eventually madness. Rather than seek help from the mainland they hide those who are deformed from any newcomers...\n"}