{"wikiId": "6315178", "titre": "Naresuan", "dateSortie": "2006", "duree": "", "genre": ["Biographical film"], "resume": "The film concerns the childhood of King Naresuan. Born in 1555, he was taken to Burma as a child hostage; there he became acquainted with sword fighting and became a threat to the Burmese empire The film begins in 1564, during the Burmese siege of Phitsanulok, the center of the languishing Sukhothai kingdom. Naresuan's father, Maha Thammarachathirat, admits defeat and follows Burmese orders that his two sons, Naresuan  and Ekathotsarot, be taken hostage and be raised in Pegu  under the watchful eyes of Bayinnaung, the Burmese king. This creates a rift between Naresuan's father and his mother, Queen Wisutkasat, whose brother is the king of the neighboring Ayutthaya kingdom, as Phitsanulok is now a Burmese vassal state. Immediately after entering the Burmese palace, Naresuan sees the palace politics and rivalries between himself and Bayinnaung's grandson, Minchit. Naresuan is sent to be educated as a novice monk, by an ethnic Mon Buddhist monk named Khanchong, at a Buddhist monastery outside the palace. There, while wandering the Thai village outside Pegu , he befriends Bunthing, a Thai street child who is later allowed to work as a temple boy. He also befriends Maneechan, a temple girl at the monastery. The monk Khanchong, who had also trained Bayinnaung, teaches Naresuan the skills of war and ethics.  Bayinnaung dies in the beginning of the film from natural causes. Thammaracha, the governor-king of Ayutthaya, believes it is important that he go and pay respect to the dead king out of fear that the new Burmese king Nanda would deem it as an insult and attack Ayutthaya. King Naresuan, however, having been raised in Pegu  and who regards Bayinnaung as a second father, convinces Thammaracha to let him go in his place. Upon arriving in Hanthawadi , Naresuan's childhood teacher, a Buddhist monk named Khan Chong, informs him about the dangers that king Nanda and many factions in Burma are plotting his assassination. At king Bayinnaung's funeral, all representatives from vassal kingdoms are present besides for one, the Krang kingdom. King Nanda sees it as a disrespect and seizes the opportunity to wage war and siege the mountain top city. Naresuan's Ayutthaya army is successful in taking the mountain top city and shows rival Burmese armies, namely of the Lord of Pyay and of Minchit , the capabilities of the Siamese force. Burmese rivals felt even more threatened by the strength and wits of Naresuan's army. During the battle, Naresuan's friend, Bunthing, falls for the princess of Krang, who becomes his companion. A plot is uncovered by Naresuan's childhood friends, two Mon rulers, that the Burmese are in fact planning the assassination of Naresuan. Upon finding out, Naresuan executes the plotters and ceremoniously declares Ayutthaya free and sovereign from Hanthawadi. King Nanda and his Burmese are furious and begin a military campaign to capture and kill king Naresuan before his forces and liberated Siamese subjects can reach the Sittoung River. King Naresuan uses the strategy of a fighting retreat. His forces built a wooden bridge across the river and engage the pursuing Burmese army as they follow. Several battles took place during the crossing. However, as the Burmese forces catch up, the Siamese citizens and forces have already crossed to the other bank. The Burmese, determined to defeat the Siamese, try to pursue Naresuan's forces by crossing the river. The king is then approached by his revered Buddhist teacher, Mon monk Khanchong. Here, he is given a special musket, which is capable of firing across the river. According to history, the movie portrays king Naresuan firing the musket across the Sittaung River, and with one strike, killing the general of the Burmese army. With the general dead, Burmese forces retreated back to Hanthawadi. King Naresuan and his now independent Siamese forces head back to Ayutthaya and the king declares ; \"It's not over yet, there is more work for us to do!\"  Part III was released on 31 March, 2011.http://www.nationmultimedia.com/search/read.php?newsidNaresuan With Hollywood sitting out World Cup, 2010 film market is there for the taking TheNation.com 07-12-09  Part IV was released on 11 August, 2011.http://www.majorcineplex.com/movie_detail.php?midPart V Part V will be released on 5. December, 2012.http://www.majorcineplex.com/movie/king-naresuan-5/\n"}