{"wikiId": "9252149", "titre": "The Sun Comes Up", "dateSortie": "1949", "duree": "93.0", "genre": ["Drama", "Family Film", "Comedy-drama"], "resume": "Ex-opera singer Helen Lorfield Winter  rents a house in the small town of Brushy Gap, in the hills not too far from the Smokies, Blue Ridge, and Atlanta Georgia with her dog, Lassie, after the tragic death of her son. There she befriends Jerry, a young orphan . Growing attached to Jerry, but not wanting children so soon after the death of her own son, Helen leaves Brushy Gap to resume her singing career. While she is away, Jerry falls into the local river and develops pneumonia. Helen returns to Brushy Gap to find the owner of the house, Thomas Chandler , nursing Jerry back to health. Soon after Jerry has recovered, the orphanage catches on fire, and Lassie and Tom both rescue Jerry from the blaze. Helen then decides to adopt Jerry and remain in Brushy Gap.\n"}