{"wikiId": "19436174", "titre": "Mera Pind", "dateSortie": "2008-09-05", "duree": "169.0", "genre": ["Romantic comedy", "Musical", "Drama", "Bollywood", "World cinema"], "resume": "Mera Pind is the story of a well-to-do NRI Navroz Singh Lamba  who has chosen to settle in his native village and spread the message of empowerment and entrepreneurship amongst the village youth. Led by Himmat , the youth set off a revolution in development of the village. It inspires Punjabis who are increasingly opting to settle abroad, to undertake business in their home villages and cities. Mera Pind is also a story of a young man seeking his love, the only barrier being the girl's father.\n"}