{"wikiId": "19669545", "titre": "Dinner at the Ritz", "dateSortie": "1937-11-26", "duree": "77.0", "genre": ["Mystery", "Romance Film"], "resume": "The daughter of a murdered banker is traveling in disguise while she tracks those among her father's colleagues who looted his bank, and plotted against him by arranging his murder.http://www.imdb.com/title/tt0028788/plotsummary A very well respected financier is murdered and his business is ruined. The ensuing scandal takes his daughter on a circuitous journey to solve the mystery of his death, find the stolen money, clear her father's name and bring his killer to justice.\n"}