{"wikiId": "22100120", "titre": "Novia, Esposa y Amante", "dateSortie": "1980", "duree": "90.0", "genre": ["Drama"], "resume": "A wealthy young woman studies acting and meets a young film director who offers an independent film starring. Time goes by and they form a couple, but she realizes that he has no interests and aims to be the same thing in life. At the same time, she meets another film director and falls in love with him and then they get married. This man is a former partner of a strong woman who ends up hitting the girl. When her father dies, a friend offers her to take her away from her husband and offers her financial help. This relationship is transformed into an affair.http://www.daniela-romo.com.ar/noviaesposayamante/index.html\n"}