{"wikiId": "31039968", "titre": "Hanna's War", "dateSortie": "1988-11-23", "duree": "145.0", "genre": ["Biography", "Drama", "War film"], "resume": "Hannah Senesh was a real-life Hungarian Jew who became a martyr to the cause of freedom during World War II. Though safely living in Palestine at the start of the war, Hannah volunteers to venture behind enemy lines in Europe knowing that in all likelihood, she will die. She is captured, undergoing horrendous tortures before the Germans execute her.\n"}