{"wikiId": "24549305", "titre": "The Summertime Killer", "dateSortie": "1973-01-29", "duree": "100.0", "genre": ["Crime Fiction", "Action"], "resume": "A young boy witnesses mobsters beating his father to death. Twenty years later, he sets out on a quest to eliminate all of the gang members involved in the murder. After an attempt to kill one of them goes wrong he decides to kidnap the man's daughter for ransom. Things get complicated as the two fall in love. Meanwhile, the police are attempting to track them down.\n"}