{"wikiId": "16275299", "titre": "Sur", "dateSortie": "2002-09-13", "duree": "120.0", "genre": ["Musical", "Drama", "Bollywood", "World cinema"], "resume": "Unreferenced section}} Vikramaditya Singh  is a teacher in a music school where he, with others, polishes every student's voice to make them stars. Although Vikramaditya is a famous singer himself, he is not satisfied with his creations; he is looking for a special person. His heart longs for someone so special that, if worked on, would be a masterpiece who would be known as the most worthy graduate and world's most talented singer. He accidentally meets Tina  who has a magical voice. He learns about her when she sings a prayer in church. Vikramaditya decides to take her to his school where she can pay more attention to singing. As Vikramaditya improves Tina's talent, she falls in love with him. Slowly, he moulds her into a brilliant singer, and she emerges a star. In spite of Vikramaditya's dream coming true, he starts feeling jealous when he discovers Tina's success. He is not able to take in the fact that she is better than he is, so he starts competing with her. He starts breaking her confidence, then dominates and overpowers her. Later, Vikramaditya realizes his mistake and compensates for it by letting her sing at a concert that was dedicated entirely for him, risking his own career. The movie ends with an old Vikramaditya teaching music to a teenage girl.\n"}