{"wikiId": "3256994", "titre": "Mom at Sixteen", "dateSortie": "2005", "duree": "90.0", "genre": ["Family Drama", "Drama", "Television movie"], "resume": "Jacey Jeffries, , a 16 year old high school student. She is also the mother of a baby boy named Charley. Instead of giving him up for adoption as planned, she chooses to keep the baby. Her mother, Terry  pretends the infant is hers to allow Jacey to finish high school and lead a relatively normal life and graduate. When Jacey attends a new school, she criticizes several of the students for their promiscuous behavior during a class discussion. Jacey's opinions lead Donna Cooper , the Health teacher, to take a special interest in Jacey. Jacey's comments are unique in that she does not have an interest in following what her classmates say. The teacher's husband, the swim coach Bob (Colin Ferguson , convinces Jacey to join the swim team. Jacey passes out after taking tranquilizers stolen from her mother and ends up in the hospital. Donna and Bob are unable to conceive and are devastated when they discover their latest round of IVF has failed. Jacey feels that matters are unresolved with Charley's father, Brad. It is apparent that Jacey was and still is in love him. Jacey feels guilty because Brad is unaware that Jacey gave birth. Brad currently attends college. When Jacey attempts to call him, she becomes nervous upon hearing his voice and hangs up. Donna sees Jacey with Charley, and asks if Jacey is his mother. Although Jacey lied, many students from the school witnessed the interrogation and believe Jacey is really the mother. She begins to get teased at school for her behaviour. Her secret is found out at school, when the students were asked about how guys react to what girls wear. When other students criticize her for her hypocrisy, she goes to a mothers meeting for teen mothers. After being teased at school, she leaves abruptly to see Brad. They spend the day together, and are about to have sex when Jacey announces that the reason she left him was because she got pregnant. Brad takes the news badly and leaves. Jacey returns home and has huge argument with Terry who hands her Charley and tells her to handle things on her own, angry that Jacey doesn't understand the sacrifices she has made to help Jacey have a normal life. Exhausted and confused, she turns to Donna for help and advice. Donna advocates for Jacey telling her mother that she wants to be Charley's Mom to which Terry gives a speech about the sacrifices it takes to be a 'real Mom'. A few weeks later Brad arrives at Jacey's house to apologise and tells Terry that he will make it work between Jacey and him. However, when Jacey makes a surprise visit to his school, she finds out Brad's parents will only help if a DNA test is done to prove Brad is the father, Jacey feels betrayed and leaves him. At school, Jacey gives a speech on pregnancy and teen sex, using examples from her friends from the teen mother's meeting. She gets applause and respect from her former bullies for being honest and sensible. Afterwards, Macy, her sister, gives her a DVD she had put together for Charley for him to watch when he is older. Watching it together with Terry, the two reconcile. Later, Donna receives a call that there is a baby waiting to be adopted. Overjoyed, Donna and Bob go to adopt the child, only to find it is Charley, and Jacey has decided to give him up to better their lives. She apparently remains a part of Charley's life as five years later she's there at Charley's first day at kindergarten, Donna and Bob have a new baby daughter and Bob is shown recording Charley on the camcorder and asks Charley to talk about himself \" I'm Charley Cooper and I'm 5 years old, I got a new baby sister \", Charley tells the camera that he has two mommies and that Jacey is his special mommy and Bob asks why, Charley replies \" because I'm the only one who knows how her heart feels from inside her \". It is indicated in one scene that this is in fact the couple that was originally going to adopt him before Jacey changed her mind.\n"}