{"wikiId": "11618840", "titre": "Intruder", "dateSortie": "1989-01-27", "duree": "85.0", "genre": ["Horror", "B-movie", "Slasher"], "resume": "A local late night supermarket is shutting up and the night shift are starting to restock the shelves ready for the next day. Just as the store is about to close, Craig , the former boyfriend of cashier Jennifer , appears and the two have an argument. Worried for her friend, Linda  presses her panic button and calls for help. Co-owner Bill (Dan Hicks  appears and a fight ensues. Craig escapes onto the shop floor and the night crew set out to track him down whilst Jennifer calls the police. On discovering him there is another scuffle before they manage to eject Craig from the store, after which he disappears into the night. While the night crew are gathered the owners announce they are selling the store and the staff will soon be out of a job. The staff are assigned the task of marking down all the stock in preparation for the close. Craig makes telephone calls to the store, unnerving Jennifer. The police arrive but do little to help and just tell the group to be careful. Linda finishes her shift and takes some shopping out to her car but is stabbed by an unseen attacker. Bill spots someone trying the back door and goes out to investigate. He finds Craig watching Jennifer through the bathroom window. Craig clubs Bill over the head with a hammer. Back in the store an unseen assailant begins to stalk the workers and the storeowner and kills them one by one. The killer dismembers his victims, leaving body parts around the store. Realising that everyone seems to have vanished, Jennifer goes to investigate and discovers bodies in the storerooms. Terrified, she is attacked by the killer but manages to escape back onto the shop floor. Hearing someone at the door she attempts to attract their attention but they have gone when she gets there. Craig appears and grabs her but she stabs him with a meat hook. Craig slumps to the floor. Bill staggers in and says Craig had attacked him outside the store. He calls the police. Jennifer notices that Bill's hands are covered in blood and realizes he is the killer. Bill tells her that he could not let his partner sell the store so he killed him, and then just got carried away killing the others. Bill attacks Jennifer and chases her around the store. Jennifer is locked inside the building. A delivery man  appears outside, but is killed by Bill before Jennifer can get his attention. Bill reenters the building and stalks Jennifer again. Jennifer is grabbed by Craig who tells her he saw Bill killing Linda and climbed into the building through the bathroom window to save her. Bill appears and clubs Craig to the ground with a severed head whilst Jennifer flees. Crawling out the bathroom window Jennifer attempts to escape in her car but finds the body of Linda in there. Bill grabs her legs and pulls Jennifer under the car but she stabs him with the knife she had pulled from Linda. Jennifer heads to a phone booth to call the police when Bill reappears again and starts to smash the booth to get at her. Tipping the phone booth over he has Jennifer trapped when Craig appears and hacks him with a meat cleaver. Jennifer and Craig are standing in the car park over Bill's body when the police arrive and arrest them. Bill regains consciousness and shouts to the police that the pair had gone mad and killed everyone. The two are taken away protesting their innocence.\n"}