{"wikiId": "26845296", "titre": "Tonta tonta pero no tanto", "dateSortie": "1972-09-07", "duree": "90.0", "genre": ["Comedy film", "Adventure", "Comedy"], "resume": "In San Jose de Los Burros, Mar\u00eda Nicolasa Cruz is encouraged by her cousin Eufemia, who has found work for her, to migrate to Mexico City for a better life. However, she is robbed as soon as she gets out of the train, and is homeless. But she soon finds help from TV personality Paco Malgesto, who makes an announcement of her story, where Eufemia soon goes after to pick her up.\n"}