{"wikiId": "2272726", "titre": "Angie", "dateSortie": "1994-03-04", "duree": "107.0", "genre": ["Romantic comedy", "Romantic drama", "Romance Film", "Drama", "Film adaptation"], "resume": "Angie  is an office worker who lives in the Bensonhurst section of Brooklyn, New York and dreams of a better life. After learning that she is pregnant by her boyfriend Vinnie , she decides that she will have the baby, but not Vinnie as a husband. This turns the entire neighborhood upside down and starts her on a journey of self discovery, including a love affair with a man named Noel  she meets at an art museum. Even her best friend Tina  has trouble understanding Angie.\n"}