{"wikiId": "24760349", "titre": "The Paper Wedding", "dateSortie": "1990", "duree": "90.0", "genre": ["Romantic drama", "Romance Film", "Drama", "Indie"], "resume": "The action is taking place in Montr\u00e9al, Qu\u00e9bec. Claire is a teacher and lives alone. Her lover, Milosh, is married and their relationship is strained. Claire's sister, Annie, a lawyer, has a problem. The visa of her client Pablo, a political refugee from Latin America, is about to expire. She asks Claire to marry him so he can remain in Canada. Claire relunctantly agrees. Before the modest civil ceremony can be concluded, immigration agents arrive, but everyone escapes. Claire's mother is thrilled to arrange a big church wedding and reception instead. Afterwards, Claire and Pablo go their separate ways. But soon, immigration agents are back knowing what's going on and the two are forced to live together.\n"}