{"wikiId": "227231", "titre": "Peter's Friends", "dateSortie": "1992-09-18", "duree": "101.0", "genre": ["Drama", "Comedy", "Comedy-drama", "Indie", "Ensemble Film"], "resume": "It is New Year's weekend and the friends of Peter  gather at his newly inherited country house. Ten years ago, they all acted together in a Cambridge University student comedy troupe. Since then they have gone in different directions and various career paths. Peter's friends are Andrew , now a writer in Hollywood; married jingle writers Roger  and Mary ; glamorous costume designer Sarah ; and eccentric Maggie , who works in publishing. Cast in sharp relief to the university chums are Carol , the American TV star wife of Andrew; and loutish Brian , Sarah's very recently acquired lover. Law plays Peter's disapproving housekeeper, Vera; and Lowe, her son Paul. Richard Briers appears in a cameo role as Peter's father. Although the film is primarily a comedy, serious overtones are present from the beginning. Peter's father has died, and so Peter plans to sell the house after this last party. While Andrew and Carol's troubled marriage is played mainly for laughs, Roger and Mary are recovering from a devastating personal tragedy only slowly revealed to the audience. A lonely Maggie arrives determined to persuade Peter they should be more than just friends and Sarah's not as happy with her life as she appears. Meanwhile Peter is forced to break some heart-wrenching news to his friends. The film deals with themes of friendship, marriage, fidelity, materialism, and coping with death and loss. It has often been described as a British The Big Chill.\n"}