{"wikiId": "9609384", "titre": "The Galloping Ghost", "dateSortie": "1931", "duree": "226.0", "genre": ["Crime Fiction", "Thriller", "Adventure", "Black-and-white", "Sports", "Mystery", "Action"], "resume": "Red Grange is thrown off the Clay College football team in disgrace when his friend, Buddy Courtland, takes a bribe to throw the big game and Red attacks him. Red then proceeds to investigate and hunt down the head of the gambling ring responsible. Red eventually clears his name and both he and Buddy are reinstated on the team.\n"}