{"wikiId": "8663385", "titre": "Dracula", "dateSortie": "1968", "duree": "90.0", "genre": ["Horror"], "resume": "The drama begins in an asylum in Whitby, England. A mysterious patient escapes from his cell and intrudes upon a small party hosted by Dr. Seward, referring to the guest of honor\u2014Count Dracula\u2014as \"Master.\" Moments later he insists he does not know the Count and is led back to his cell. In conversation, it emerges the Count is sensitive to sunlight, has only recently arrived from abroad, and that Seward's fiancee Lucy finds him fascinating. Dr. Van Helsing comes to consult on the case, and manages to hypnotize the patient, so he recounts in flashback events in Transylvania, including an attack by Dracula's brides.  Lucy, meanwhile, greets her old friend Mina Harker, who is distraught over the disappearance of her husband, Jonathan. She is puzzled when Dracula insists that Harker left unharmed months ago. Later, the mysterious patient catches sight of Mina and calls her by name. He is the missing Jonathan Harker. Dracula visits Lucy at night, feeding on her blood and forcing the two doctors to perform a blood transfusion. Van Helsing recognizes the signs of a vampire attack, but at first refrains from explaining this to Seward. When he does, the English scientist balks, but later comes to suspect Count Dracula of being the vampire. Lucy dies after another attack. Mina sees Lucy, who insists she is happy and ecstatic, offering her the same \"joy\" as she bites her friend. Lucy vanishes and Dracula appears, offering Mina a chance to be one of the \"elect.\" Meanwhile, Van Helsing proves to Seward that Lucy has risen from the grave and drives a wooden stake through her heart. Now they focus on finding the vampire's sleeping place. Realizing Harker is under Dracula's power and that Mina has been bitten, they use the two as bait. Following Harker as he leads his wife to Dracula, the two doctors consecrate the grave Dracula has been using then hold him in place with a cross while the sun rises. Dracula dissolves, leaving behind ashes and his ring. But as the story ends, Mina is staring at Seward's throat and clutches the vampire's ring in her hand.\n"}