{"wikiId": "3312138", "titre": "True Crime", "dateSortie": "1999-03-19", "duree": "127.0", "genre": ["Thriller", "Crime Fiction", "Drama", "Detective"], "resume": "Steve Everett  is an Oakland journalist recovering from alcoholism, who is assigned to cover the execution of convicted murderer Frank Beechum . Everett discovers that Beechum might be innocent, but has only a few hours to prove his theory and save Beechum's life. Eventually Steve learns that the killer was a young man named Warren, who was himself killed three years previously, but Steve is unable to prove it. Steve sees a necklace which belonged to the victim on TV, and remembers Warren's grandmother wearing it when he visited her. He confronts her again, but she has come to the same realization about the murder. They rush off to alert the governor as the execution starts. They reach the governor just in time to save Frank. The 2003 American movie called The Life of David Gale followed a similar plot, though the outcomes are different.\n"}