{"wikiId": "16191901", "titre": "Emanuelle Around the World", "dateSortie": "1977", "duree": "102.0", "genre": ["World cinema", "Adult", "Softcore Porn", "Drama", "Romance Film", "Sexploitation"], "resume": "Emanuelle is invited to India to write a report on Guru Shanti, a man who claims to have achieved the ultimate orgasm. Once there she engages in a variety of sex acts, including one with the Guru; she disproves his theory. She then heads to Hong Kong to investigate trafficked women. Once she then arrives back in America, she teams up with fellow reporter Cora Norman and both of them snoop out a trail of men smuggling women to the Middle East.\n"}