{"wikiId": "9475022", "titre": "Off Season", "dateSortie": "2001-12-16", "duree": "94.0", "genre": ["Family Film", "Drama", "Comedy"], "resume": "After the death of his parents in a car crash, Jackson Mayhew  is sent to live with his aunt who works in a hotel. He comes across an elderly gentleman named Sam who convinces Jackson that he is Santa Claus. A police officer eventually discovers that \"Santa\" is a con-artist wanted in several states for grand theft, fraud and other crimes But eventually Patty  discovers that the officer was an actor who was hired by Sam to pretend that he was a criminal. The story ends when Jackson discovers that his psychiatrist was the real Santa Claus.\n"}