{"wikiId": "21287052", "titre": "Relentless 3", "dateSortie": "1993", "duree": "93.0", "genre": ["Thriller", "Crime Thriller", "Horror"], "resume": "Sam Dietz returns to Los Angeles from \"up North\" and agrees to consult on a serial killer case. Not wanting to be more involved changes however, when the killer targets Dietz\u2019s latest love interest, thereby, forcing him to become actively involved in the investigation. The killer is someone he's arrested before.Doug http://www.imdb.com/title/tt0107941/plotsummary\n"}