{"wikiId": "8406407", "titre": "Beautiful People", "dateSortie": "1999-05-18", "duree": "117.0", "genre": ["Black comedy", "War film", "Drama", "Indie", "Comedy"], "resume": "In London, during October 1993, England are playing the Netherlands in the World Cup qualifiers. The Bosnian War is at its height, and refugees from former Yugoslavia are arriving. Football rivals and political adversaries from the Balkans all precipitate conflict and amusing situations. Meanwhile, the lives of four English families are affected in different ways by an encounter with the refugees; one of the families improbably becomes involved with a Balkan refugee through the England vs Netherlands match.\n"}