{"wikiId": "35002530", "titre": "Phoolon Ki Sej", "dateSortie": "1964", "duree": "148.0", "genre": ["Romance Film", "Drama"], "resume": "Nirmal Verma and Karuna are attracted to each other, while the former is touring that part of the country. They get very intimate, he promises to return, and even leaves his address with her but she misplaces it. Both do meet after 5 years, and after formal introductions - get married; and she re-locates to live with him and his doctor brother, and Bhabhi, Janki. Shortly thereafter Nirmal and the rest of the family are baffled when they find out Karuna secretly leaves the house and goes to an unknown location - when confronted - she refuses to divulge anything.\n"}