{"wikiId": "3873713", "titre": "Lee Dae-ro Can't Die", "dateSortie": "2005-08-18", "duree": "108.0", "genre": ["Action", "Comedy"], "resume": "An officer in the violent crimes division, Dae-ro is a hero in his daughter Hyun-ji's eyes, but in fact he's a corrupt cop, interested only in bribe money and pretty women. He is totally selfish and takes great pains to keep himself out of harm's way, avoiding the danger inherent in his job. One day, while in pursuit of a suspect, Dae-ro faints and is taken to the hospital. There he is told that he has a brain tumor and has about three months to live at most. To provide for his daughter's financial security, Dae-ro plots his own death that will appear accidental so that she will collect a sizable insurance premium.\n"}