{"wikiId": "5443971", "titre": "The Room", "dateSortie": "2003", "duree": "99.0", "genre": ["Cult", "Black comedy", "Drama", "Indie", "Comedy"], "resume": "Johnny  is a successful banker who lives in a San Francisco townhouse with his fianc\u00e9e, Lisa . They share an intense relationship characterized by constant, passionate lovemaking. Despite this idyllic existence, Lisa has inexplicably become dissatisfied with her life, and one afternoon confides to her best friend Michelle  and her mother Claudette  that she finds Johnny boring. Although Michelle advises her to be grateful for what she has, and her mother counsels her that financial stability is more important than happiness, Lisa decides to seduce Johnny's best friend, Mark . Although he is initially reluctant, Mark gives in to Lisa's advances. Their affair continues through the remainder of the film, even though Mark appears reluctant at the outset of each sexual encounter and repeatedly tries to break off the relationship. Lisa, meanwhile, having come to the realization that she \"wants it all,\" decides to stay with Johnny for financial support and the material goods he can provide her. As the wedding date approaches and Johnny's clout at his bank slips, Lisa alternates between glorifying and vilifying Johnny to her family and friends, both making false accusations of domestic abuse and defending Johnny against criticisms. Meanwhile, Johnny, having overheard Lisa confess her infidelity to her mother, attaches a tape recorder to their phone in an attempt to identify her lover. Against the backdrop of Lisa and Mark's affair, numerous subplots involving secondary characters begin to develop: Denny , a neighboring college student whom Johnny financially supports and \"loves like a son,\" has a mysterious run-in with a drug dealer named Chris-R , whom Johnny and Mark overpower and take to the police. Denny also lusts after Lisa, ultimately confessing his attraction to Johnny; once Johnny tells Denny that Lisa loves him as her friend, Denny resolves to propose to his own girlfriend. Johnny takes on a mysterious client at his bank whose identity he is sworn to protect. Claudette experiences real estate problems, bemoans failed relationships, and informs Lisa that she has breast cancer. Michelle and her boyfriend, Mike , sneak into Johnny and Lisa's home to have sex. Peter , a psychologist friend of Johnny's and Mark's, alternates between defending Lisa and assessing her as a sociopath, which results in Mark briefly trying to murder him. Each of these subplots receive little exposition, and none are ever resolved. At Johnny's surprise party, Steven , a previously unseen friend of Lisa's and Johnny's, catches Lisa kissing Mark while the rest of the guests are outside and confronts her about the affair. Lisa expresses no remorse, while Mark angrily urges Steven not to tell anyone. Johnny announces to the guests that Lisa is pregnant, only for Lisa to tell Steven and Michelle that she lied about it in order to \"make it interesting.\" At the end of the evening, Lisa flaunts her affair in front of Johnny, who physically attacks Mark. After the party, Johnny locks himself in the bathroom, prompting Lisa to make plans to leave him for Mark. Johnny finally comes out of the bathroom and retrieves the cassette recorder he attached to the phone, and listens to an intimate call between Lisa and Mark. Claiming that all of his friends have betrayed him, Johnny destroys his apartment and then kills himself with a pistol. Denny, Mark, and Lisa discover Johnny's body sometime later. Mark and Denny blame Lisa for Johnny's death, with Mark declaring he doesn't love Lisa. Denny asks to be left alone with the body, but Lisa and Mark instead decide to stay and comfort one another as the sound of sirens grows louder.{{cite web|urlMotion Picture Purgatory: The Room |publisher2009-12-10 |accessdateInconsistencies and narrative flaws\"pm1\">Portland Mercury article: \"/> The issue is casually dismissed and never revisited during the rest of the film. In addition, the audience never learns the details surrounding Denny's drug-related debt to Chris-R or what led to their violent confrontation on the roof.{{Cite news | urlThe Room | authorThe A.V. Club] | dateqa>The Room DVD Bonus Features: Q&A Greg Sestero has been questioned about the significance of Mark's shaving, though his only response has been \"if only you knew\". Wiseau has confirmed that the character is mentally retarded, explaining that he wrote the character this way so that he would be \"confused.\"\n"}