{"wikiId": "8499338", "titre": "Charlie's Death Wish", "dateSortie": "2005-05-10", "duree": "91.0", "genre": ["Thriller", "Crime Fiction", "Horror", "Action Comedy", "Action/Adventure", "Erotic thriller", "Drama", "Comedy", "Action"], "resume": "Ron Jeremy stars in this eroticized action-thriller that has a stripper avenging her sister's death. She knows she can't do the job alone, however, so she recruits the help of a rebellious cop to settle the score. But her quest doesn't turn out to be a neat affair, as she soon realizes there's more than one enemy to fight; and they all appear to be gunning for her even as she hunts them down.\n"}