{"wikiId": "12422748", "titre": "Khulay Aasman Ke Neechay", "dateSortie": "2008-07-04", "duree": "", "genre": ["Romance Film"], "resume": "The story revolves around a young man who marries a young woman of his choice against the wishes of his family. His father had dotingly wanted him to marry the daughter of his family member and she, in innocence, has lived this dream. But the path of true love is seldom smooth. Over emotional turmoil, family drama and poignant scenes, true love triumphs over all because matches are made in heaven.\n"}