{"wikiId": "189776", "titre": "Underground", "dateSortie": "1995-04-01", "duree": "170.0", "genre": ["World cinema", "Drama", "Comedy", "War film", "Black comedy", "Political drama"], "resume": "Plot|datePart One: War19411944Part Two: Cold War1961 Part Three: War  1992  The final section, set in 1992 at the height of the Yugoslav wars, sees Blacky as an embittered yet still patriotic warlord; he inadvertently orders the execution of Marko and Natalija who are still making a living as war profiteers, running guns for the various factions. In a surreal ending, all friends and family, living and dead, are reunited at Jovan\u2019s wedding, where Ivan  ends the film with a closing monologue.\n"}