{"wikiId": "6742643", "titre": "Artists and Models", "dateSortie": "1955", "duree": "102.0", "genre": ["Comedy"], "resume": "Rick Todd  is a struggling painter and smooth-talking ladies' man. His goofy young roommate Eugene Fullstack  is an aspiring children's author who has a passion for comic books, especially those of the mysterious and sexy \"Bat Lady\". However, each night Eugene has horrific screaming nightmares inspired by those ultra-violent comics which he describes aloud in his sleep and which are about the bizarre bird-like superhero \"Vincent the Vulture\" who is, according to Eugene's nocturnal babblings, the \"defender of truth and liberty and a member of the Audubon Society\" and is \"half-boy, half-man, half-bird with feathers growing out of every pore\" and a \"tail full of jet propulsion\". Also known as \"Vultureman\" or more simply \"The Vulture\", the golden helmet-masked hero with his stubby wing-like arms and talon-like hands and feet soars through space from his \"homogenized space station\" orbiting the Milky Way to battle his shapely but sadistic purple-eyed archenemy \"Zuba the Magnificent\" who hates Vincent because \"she's allergic to his feathers\" and who enjoys blasting big \"oooozing\" holes into his highly resilient flying form  with her \"atomic pivot gun\". A neighbor in their apartment building, Abigail Parker , is a professional artist who works for a New York comic book company called Murdock Publishing and is the creator of the \"Bat Lady\". Her energetic horoscope-obsessed roommate is Bessie Sparrowbush  who is secretary to her publisher Mr. Murdock  and Abigail's model for the flying bat-masked superheroine. Bessie develops a crush on Eugene who is unaware that she is his beloved \"Bat Lady\" in the flesh. Abigail becomes frustrated at work at the increasingly lurid and bloodthirsty stories the money-hungry Murdock demands and quits to become an anti-comics activist, dragging Eugene into her crusade as an example of how trashy comic books can warp impressionable minds at the same time that Rick gets a job with the company after pitching the adventures of \"Vincent the Vulture\" from Eugene's dreams. He attains success at his new job, but after falling for Abigail he keeps his work a secret from both her and Eugene. Unbeknownst to all of them, Eugene's dreams also contain the real life top-secret rocket formula \"X34 minus 5R1 plus 6-X36\" that Rick publishes in his stories. With spies all around them, they manage to entertain at the annual \"Artists and Models Ball\" and capture the enemy, preserving national security.\n"}