{"wikiId": "30607472", "titre": "Breathless", "dateSortie": "2008", "duree": "130.0", "genre": ["Crime Fiction", "Drama", "World cinema"], "resume": "Sang-hoon is a foul-mouthed and violent gangster working for an illegal money-lending organisation run by his long-time friend, Man-shik. He is first seen attacking protestors who are disrupting the work of a construction company with the other members of the organisation. Sang-hoon has a nephew, Hyung-in, whom he adores. His sister cares about him also, even inviting him to dinner. Hyung-in is on less friendly terms and avoids her. It is revealed that when he was a kid, his abusive father once had a quarrel with his mother and stabbed his sister by accident. His mother was then hit by a car. It is implied that his father has remarried. One day, after visiting his nephew, he accidentally spits on a high school student, Han Yeon-hee. She demands that he do something to make up for it. They get into a fight and he hits her, knocking her unconscious. When she wakes up, she realises that Sang-hoon was waiting for her to awake and has wiped her clothes clean. Undaunted by his ferocity, she demands compensation from him. He is intrigued by her spunk and they form a tenuous friendship. While Sang-hoon believes that Yeon-hee comes from a rich family, they have trouble paying the rent. Her father is a war veteran who has delusions that Yeon-hee's mother is still alive. Both her father and brother, Han Young-jae, frequently threaten and abuse her. Young-jae is recruited by his friend, a junior colleague of Sang-hoon's, to work as a debt collector for Man-shik. On his first day, he accompanies Sang-hoon and his friend on their rounds. He is hesitant and Sang-hoon berates him. One day, as Sang-hoon visits his father - recently released from prison for killing Sang-hoon's sister with a knife - his father has already cut his own wrists. It is then that he realises how much he still loves his father. That same day, Yeon-hee's father is even more paranoid and threatens her with a knife. Sang-hoon and Yeon-hee meet up for a drink and both weep, overcome with emotion. Sang-hoon tells Man-shik that it will be his last day as a gangster and invites him to meet Yeon-hee, his sister and Hyun-in. Man-shik also decides that he has had enough and wants to open a gogi gui restaurant. On his last day as a debt collector, he is doing the rounds with Young-jae. Young-jae beats a debtor against Sang-hoon's wishes, and the debtor responds by hitting Sang-hoon with a hammer. As Sang-hoon walks away with Young-jae, blood starts to flow out of his nose. He asks Young-jae for a handkerchief, but Young-jae attacks him with a hammer, and leaves him dying by the road. In the epilogue, it is strongly suggested that Sang-hoon died. Yeon-hee, Hyung-in, Sang-hoon's sister and father enjoy dinner together at Man-shik's newly-opened restaurant. On leaving, Yeon-hee sees her brother destroying a street-side food stall like her late mother's.\n"}