{"wikiId": "14306303", "titre": "Intergirl", "dateSortie": "1989", "duree": "143.0", "genre": ["Romance Film", "Drama"], "resume": "Tatyana is a beautiful Soviet nurse who is underpaid at her hospital job, so she turns a prostitute catering to international tourists under a \"protection\" from the militsiya and the KGB. She becomes well paid in dollars, and helps her ailing mother to survive. Tatyana's international clients enlighten her about the life in other countries, so she accepts a marriage in order to escape from the grim Soviet reality. But even being married to a decent man abroad, she still suffers from being labeled as an ex-Soviet prostitute, and her new life is full of new troubles.\n"}