{"wikiId": "1190626", "titre": "Operation Pacific", "dateSortie": "1951", "duree": "111.0", "genre": ["Action/Adventure", "Drama", "Comedy", "War film", "Romance Film", "Action", "Combat Films"], "resume": "The executive officer aboard USS Thunderfish, Lieutenant Commander Duke Gifford , assumes command of the boat when the skipper  is killed. A scene where the crew solves a complex torpedo performance-design problem is based on fact, as are many others. The scene where Commander Perry  is killed in a surface action is a combination of two incidents involving Commander Howard W. Gilmore, captain of USS Growler. Mortally wounded on the bridge, Gilmore gave the order \"Take her down\", sacrificing himself to save his ship and crew, for which he was posthumously awarded the Medal of Honor. The ramming/sinking of the armed freighter depicted in the scene occurred in the same action, just prior to Gilmore's death.\n"}