{"wikiId": "1093364", "titre": "I Confess", "dateSortie": "1953-03-22", "duree": "95.0", "genre": ["Thriller", "Crime Fiction", "Drama", "Psychological thriller", "Film noir"], "resume": "Father Michael Logan  is a devout Catholic priest in a church in Quebec City. To take care of the church and the rectory, Father Logan employs a caretaker, Otto Keller , and a housekeeper, Otto's wife Alma , who are German immigrants with very little money, although in their homeland they were more affluent. Otto Keller also works part-time as a gardener for a few householders in Quebec City. Very late one evening Keller asks if Father Logan will hear his confession. In the confessional, Keller confesses that he went to try to steal money from a person he gardens for, a rich lawyer called Villette, and in the process he killed him. Because of the binding nature of the secrecy of the confessional, Father Logan cannot tell the police anything he now knows about this crime. At the time of the murder, two young girls saw someone leaving the house of the murdered man wearing a cassock. While this was just Otto's disguise, suspicion falls upon Father Logan himself . It gradually becomes apparent that Logan, in his early life before he became a priest, had a girlfriend, Ruth , who has always loved him and still does, even though she is now married to someone else. In flashbacks it is shown that Logan stopped writing to Ruth not long after he went off to war. After he came back, Ruth and Logan ended up stranded on an island during a storm, and were forced to shelter for the night in a gazebo. In the morning Villette finds them there, makes offensive comments about Ruth, and is punched by Logan. It turns out that Ruth had married a prominent politician without ever telling Logan, who leaves her and does not see her for years. But Ruth is being blackmailed by Villette. Both her and her husband's lives would be ruined if her previous relationship with Logan were made public, and so she had met with Logan on the night of the murder to ask him for advice about the blackmail situation.  Villette's death comes as a relief to Ruth, and she tells the police about her meeting with Father Logan in order to provide him an alibi, but the meeting did not correspond exactly to the time of the murder and in fact suggests a possible motive. The police then assume that Father Logan killed the blackmailer Villette to protect Ruth and himself, and that there is an ongoing scandalous relationship between the two of them. The situation is made worse by Otto Keller, who lies extensively to the police in order to try to ensure that he himself is safe from suspicion and thus in effect is attempting to ensure that Father Logan is convicted of the murder. Father Logan comes very close to being found guilty and executed for a crime he did not commit, a sort of martyrdom. At the end of his trial, he is just barely found \"not guilty\", but his reputation as a priest is ruined, and the people of Quebec City gather on the courthouse steps to revile him. Otto's wife cannot bear to see this, and starts to shout out that it was her husband who killed the man, but Otto pulls out a gun and shoots his wife in order to silence her. Running away, Otto is cornered by the police in the grand ballroom of the Ch\u00e2teau Frontenac. The detective who investigated the story is unable to elicit any comment from Father Logan, and so suspects that Otto is in fact Villette's murderer, and asks him so. Otto then assumes that Father Logan has broke the secret of his confession. Otto declares his guilt and tries to shoot Father Logan, who bravely attempts to approach him and reason with him. Instead, Otto himself is fatally wounded by a police sharpshooter. In extremis Otto calls out to Father Logan to forgive him, and receives absolution. Subtle visual references to Christ, the cross, and the crucifix occur frequently throughout the movie. The soundtrack uses the melody from the Gregorian Chant \"Dies Irae\" throughout. Alfred Hitchcock's cameo is a signature occurrence in most of his films. In I Confess he can be seen right after the opening credits walking across the top of a steep stairway.\n"}