{"wikiId": "3520860", "titre": "Quints", "dateSortie": "2000-08-18", "duree": "83.0", "genre": ["Family Film", "Comedy"], "resume": "Jamie Grover  is an only child who dislikes the constant attention her parents give her. Her wish is finally granted when her mother becomes pregnant. When her mother gives birth to quintuplets, Jamie's life changes dramatically. She discovers she might not want the same things her parents want for her, but nonetheless, her parents focus all of their attention on her baby brothers and sisters . But when one of her brothers gets terribly ill  she discovers that she really doesn't mind the babies, and that she does have the courage to let her parents know she has dreams of her own. Throughout the movie, Jamie attempts to fool the audience. She addresses the audience, makes an absurd statement, then usually laughs and says that it is untrue. She explains herself by stating that she is attempting to ensure that people are paying attention. . Examples of her statements things include: While the camera follows her around Milford, her hometown, she showed one block to the east was The Statue Of Liberty, which wasn't really there. She described her school like going to the circus, with a man breathing fire, a clown for a math teacher, balloons and confetti all around the gym, etc. However, she admitted it was like any other school. When her parents are deciding the future jobs for her, they tell Jamie to have fun and relax. However, her father told her it is more important than ever that they stick to \"The Plan.\" During parent teacher conferences, her parents came and more confetti fell as her teacher told her that she got a A in his class. However, they didn't show up, instead taking care of the Quints. When she told her parents her art was in the main section at the art fair, they didn't seem to care and said they were never happy about the things she did. That was another lie. She had the governor's driver take her, Zoe and Brad to the ice cream parlor but they actually went to the quint awareness show. After her quint-art won the art fair, she walked on stage and money fell all over, while the song \"Money All Around Me\" was sung. This didn't happen. Instead, it suddenly reversed [with a few seconds of speech being rewound], the real events then were shown. At the very end of the movie, she said that her mom was now pregnant again with septuplets, which are seven. Jamie was sad. She then said \"Come on, haven't I taught you anything?\" and held up a picture saying \"Made you Look!\" that she drew in bubble letters.\n"}