{"wikiId": "36050033", "titre": "Barfu\u00df bis zum Hals", "dateSortie": "2009-06-11", "duree": "93.0", "genre": ["Comedy film"], "resume": "A nudist site in eastern Germany is sold to Dieter Lohe, a conservative textile manufacturer from Bavaria. He visits his new property with his daughter Natalie, and plans to use the property as a hunting ground. For fear of losing their tenancy agreement, the members of the association adjust to Lohe's presence by walking around dressed. Jakob Steiner, the son of the club's leader, doesn't accept the nudist family tradition and because of this argues with his father. Jacob becomes close friends with Lohe's daughter. Lohe eventually gets wise to the clothed nudists, and after a few complications all of the parties involved come to an arrangement.\n"}