{"wikiId": "4085736", "titre": "The Caretakers", "dateSortie": "1963", "duree": "97.0", "genre": ["Drama", "Black-and-white"], "resume": "Young, optimistic psychiatrist Dr. Donovan MacLeod wants to prove his theory that mental patients can benefit from group therapy. His method of treatment, with no violence or punishment, is met with a great deal of resistance from his unyielding and self-righteous head nurse, Lucretia Terry, who believes in traditional methods such as strait-jackets and padded cells for treating the mentally ill. Head of the hospital Dr. Harrington is weak-willed. Terry's assistant, nurse Bracken, supports her superior's stand. After much trial and error and the harrowing near-rape of a patient, MacLeod's ideas prevail in spite of the opposition and meet some success. Patients include a distraught mother, Lorna Medford; a former prostitute, Marion; a pyromaniac, Edna, and a former schoolteacher, Irene.\n"}