{"wikiId": "29579355", "titre": "Magic Rock", "dateSortie": "", "duree": "94.0", "genre": ["Family Film", "Drama", "Comedy film"], "resume": "When a beloved Summer Camp director dies, the popular boys' haven will be closed by the heartless Attorney who inherits it unless a dedicated young Camp Counselor can change his mind over one last summer, with the comic help of his oddball campers in a tale of the loyal camaraderie, life-defining choices, camp hi-jinks and summer magic that can make campfire memories last a lifetime.\n"}