{"wikiId": "33030324", "titre": "Painted Daughters", "dateSortie": "1925", "duree": "", "genre": ["Silent film"], "resume": "Mary Elliott and Courtland Nixon are dancing partners in a stage show called Floradora. Mary leaves Courtland and marries a wealthy admirer, who soon goes bankrupt and kills himself, leaving Mary to raise their daughter, Maryon. Maryon grows up to become a dancer. A theatrical press agent, Ernest, reunites the cast of Floradora and Courtland is reunited with Mary. There is a fire in which both Mary and Courtland are injured, but they survive and decide to get married. So too do Maryon and Ernest.\n"}