{"wikiId": "181229", "titre": "The Great Escape", "dateSortie": "1963-06-20", "duree": "172.0", "genre": ["History", "Action", "Drama", "Adventure", "War film"], "resume": "Having expended enormous resources on recapturing escaped Allied prisoners of war, the Germans move the most determined to a new, high-security prisoner of war camp. The commandant, Luftwaffe Colonel von Luger, tells the senior British officer, Group Capt. Ramsey, \"There will be no escapes from this camp.\" Ramsey replies that it is their duty to try to escape. After several failed escape attempts on the first day, the POWs settle into life at the prison camp. Gestapo and SD agents bring Squadron Leader Roger Bartlett  to the camp and deliver him to von Luger. Known as \"Big X,\" Bartlett is the principal organizer of escapes and Gestapo agent Kuhn orders that he be kept under the most restrictive permanent security confinement, which Col. von Luger, disgusted by the Nazis and the SS, only makes a \"note\" of, treating the command with complete contempt. As Kuhn leaves, he warns Bartlett that if he escapes again, he will be shot. Bartlett is then placed with the rest of the POWs, rather than the restrictive holding that Gestapo agent Kuhn had demanded. Locked up with \"every escape artist in Germany\", Bartlett immediately plans the greatest escape attempted\u2014tunnels for breaking out 250 prisoners. The intent is to \"confuse, confound and harass the enemy\" to the point that as many troops and resources as possible will be wasted on finding POWs instead of being used on the front line. Teams are organized to tunnel, make civilian clothing, forge documents, procure contraband materials, and prevent guards from discovering their work. Flight Lieutenant Robert Hendley, an American in the RAF, is \"the scrounger\" who finds what the others need, from a camera to clothes and identity cards. Australian Flying Officer Louis Sedgwick, \"the manufacturer,\" makes tools such as picks for digging and bellows for pumping air into the tunnels. Flight Lieutenant Danny Velinski and William \"Willie\" Dickes are \"the tunnel kings\" in charge of making the tunnels. Eric Ashley-Pitt of the Royal Navy devises a method of hiding bags in the prisoners' trousers and spreading dirt from the tunnels over the camp, under the guards' noses. Forgery is handled by Flight Lieutenant Colin Blythe, who becomes nearly blind from intricate work by candlelight. Hendley takes it upon himself to be Blythe's guide in the escape. The prisoners work on three tunnels simultaneously, calling them \"Tom,\" \"Dick\" and \"Harry.\" Work on Harry and Dick is stopped so that more work can be performed on Tom. The work noise is covered by the prisoner choir led by Flt. Lt. Denis Cavendish, who is also the group's surveyor. USAAF Captain Virgil Hilts, \"The Cooler King,\" irritates guards with frequent escape attempts and irreverent behavior. His first attempt, conceived in the cooler, is a short tunnel with RAF Flying Officer Archibald Ives; they are caught and returned to the cooler. While the British POWs enjoy a 4th of July celebration organized by the three Americans, the guards discover tunnel Tom. The mood drops to disappointment and hits Ives hardest. He is drawn to the barbed wire that surrounds the camp and climbs it in view of guards. Hilts runs to stop him but is too late, and Ives is machine-gunned dead near the top of the fence. The prisoners switch their efforts to Harry. Hilts agrees to change his plan and reconnoiter outside the camp and allow himself to be recaptured. The information he brings back is used to create maps showing the nearest town and railway station.  The last part of the tunnel is completed on the night of the escape, but it proves to be 20 feet short of the woods, which are to provide cover. Danny nearly snaps from claustrophobia and delays those behind him, but is helped by Willie. Seventy-six escape. After attempts to reach neutral Switzerland, Sweden, and Spain, almost all the POWs are recaptured or killed. Hendley and Blythe steal an airplane to fly over the Swiss border, but the engine fails and they crash-land. Soldiers arrive. Blythe, his eyesight damaged, stands and is shot. Hendley waves and shouts \"don't shoot\", and is captured as Blythe dies. Cavendish, having hitched a ride in a truck, is captured at a checkpoint, discovering another POW, Haynes, captured in his German soldier disguise. Bartlett is recognized in a crowded railroad station by Gestapo agent Kuhn. Eric Ashley-Pitt sacrifices himself when he kills Kuhn with Kuhn's own gun, and soldiers then shoot and kill him. In the commotion, Bartlett and MacDonald slip away but they are caught while boarding a bus after MacDonald blunders by replying in English to a suspicious Gestapo agent who wishes them \"Good luck\". Hilts steals a motorcycle, is pursued by German soldiers, jumps a first line barbed wire fence at the German-Swiss border, drives on the Neutral Zone, but becomes entangled in the second line of the barbed fence right on the Swiss-Border and is captured, he escapes execution as a spy by showing them the captain's bars on the inside of his shirt. Three truckloads of recaptured POWs go down a country road and split off in three directions. One truck, containing Bartlett, MacDonald, Cavendish, Haynes and others, stops in a field and the POWs are told to get out and \"stretch their legs.\" They are shot dead. Fifty escapees are murdered. Hendley and nine others are returned to the camp. Von Luger is relieved of command of the prison camp and is driven away by the SS for failing to prevent the breakout. Only three make it to safety. Danny and Willie steal a rowboat and proceed downriver to the Baltic coast, where they board a Swedish merchant ship. Sedgwick steals a bicycle, then rides hidden in a freight train boxcar to France, where he is guided by the Resistance to Spain. Hilts is brought back alone to the camp and taken to the cooler. Lieutenant Goff, one of the Americans, gets Hilts's baseball and glove and throws it to him when Hilts and his guards pass by. The guard locks him in his cell and walks away, but momentarily pauses when he hears the familiar sound of Hilts bouncing his baseball against a cell wall. The film ends with the caption \"This picture is dedicated to the fifty.\"\n"}