{"wikiId": "9138693", "titre": "The Truth about Nanjing", "dateSortie": "", "duree": "", "genre": ["Japanese Movies"], "resume": "The Truth about Nanjing\" was planned to be a three-part film. * The first section was \"Seven condemned criminals\"  This part shows the last day of the seven people who were condemned to death in 1948 by the International Military Tribunal for the Far East and executed on 23 December 1948 at Sugamo Prison, Tokyo. * The second section was for verification.  * The third section was for America.\n"}