{"wikiId": "4848263", "titre": "Skinwalkers", "dateSortie": "2006-05-22", "duree": "89.0", "genre": ["Thriller", "Fantasy", "Action", "Horror"], "resume": "Two packs of werewolves, divided by principles, are signaled by the moon of the coming of an ancient prophecy. A young boy named Timothy  approaches his 13th birthday, unaware this marks the time of his transformation. Timothy has been raised by his grandmother Nana , his mother Rachel , his uncle Jonas , his cousin Katherine  and Katherine's boyfriend, Adam . His father is said to be dead. Rachel and Timothy have been unaware that the rest of the family are \"good\" werewolves who have guarded Timothy and his secret since birth. They know that Timothy is a \"half-blood\" who is prophesied to end the curse. But they also know that Timothy's power will put him in danger, for there are other werewolves that revel and embrace their blood-lust and are bent on finding and killing the boy. Four of these werewolves are a motorcycle pack &mdash; leader Varek , and cohorts Zo , Sonya , and Grenier , who use a hawk as an airborne spy &mdash; who track down Timothy in the small town of Huguenot, precipitating the movie's extended chase. Varek discovers the location of Timothy via a video tape which is shown to various \"good\" werewolves that he is alive and well. Reaching Huguenot, Varek saw Nana and Timothy and proceeds with a gunfight between his pack against the \"good\" werewolves and various townspeople. Adam's father is killed in the gunfight and Nana sacrifices herself to let Timothy and the others escape. Jonas explain the whole situation to both Rachel and Timothy and they are convinced after Jonas and others turn into werewolves at night. The next day, Timothy faints and is sent to a nearby hospital. Varek's gang infiltrate the hospital and attack Timothy. Grenier is killed by Adam while Katherine is being held hostage by Varek. It is subsequently revealed that Varek was Caleb, Rachel's husband and Timothy's father, and his transformation was due to him feeding on humans. After escaping to a safe place, Adam goes off on his own and finds Katherine and brings her back. At sundown, Katherine was discovered to have been forced to feed on humans and kills Adam with his own gun. Just as Katherine is about to attack Timothy, Jonas manages to kill her with a gunshot in the back. They manage to find their next safe place, with Rachel and Timothy hiding in a steel cage while Jonas sets out to ambush Varek, Zo & Sonya. Zo is killed after being trapped and being dropped down from a height. Sonya tries to attack Rachel and Timothy but is shot by Timothy. Rachel then proceeds to finish Sonya off. Varek then tries to kill Timothy but is stopped by Jonas. They get into a struggle and in a bid to win, Jonas feeds on Varek's arm and knocks Varek unconscious. Taken over by the blood frenzy, Jonas attempts to attack Timothy, but is shot to death by Rachel. Varek wakes up and bites Timothy but the clock chimes midnight. He is then struck by Rachel and knocked to the ground. He then transforms back into a human and to his former self, Caleb. It is later revealed that Timothy is the cure via his blood and that they travel around, giving the cure to those who want it. They also fill bullets with Timothy's blood. The film leaves off with Timothy saying \"For some I am salvation, for the others their destruction\".\n"}