{"wikiId": "6061609", "titre": "Dilli Ka Thug", "dateSortie": "1958", "duree": "132.0", "genre": ["World cinema", "Comedy", "Black-and-white"], "resume": "Dili Ka Thug  is a movie revolving around Kishore  who gambles and tricks people to make money. On being confronted by his mother, he decides to find a job and lands one in Mumbai, where he continues wooing Asha . Kishore's father and his friend were murdered by the notorious Anantram who now wears a mask to hide his true identity and continues manufacturing spurious medicines and also passes as Nutan's uncle. The firm employing Kishore is run by Anantram and his two henchmen Sevakram and Bihari. Anantram goes to murder Kishore in the hospital, but drops his monocle which makes Iftekhar suspicious. He manages to take Anantram's fingerprints on Sohan Lal's wallet and figures out the truth. What follows is a dramatic air-borne sequence where Anantram is beaten by Kishore and shot by Nutan. Kishore manages to land the aeroplane after the pilots lose consciousness.\n"}