{"wikiId": "31155644", "titre": "Karutha Rathrikal", "dateSortie": "1968", "duree": "", "genre": ["Science Fiction"], "resume": "The film is about a doctor, played by Madhu, who takes revenge of his uncles' death by the use of a new medicine he invented. This medicine creates split personality. This film was based on Robert Louis Stevenson's novella Strange Case of Dr Jekyll and Mr Hyde.http://www.dohapress.com/portal/index.php/2011-06-20-17-37-06/59-all-sports-news/11285-the-future-of-bollywood\n"}