{"wikiId": "18343159", "titre": "Konchem Koththaga", "dateSortie": "2008-06-28", "duree": "", "genre": ["Thriller", "Romance Film"], "resume": "A girl  lives in a bungalow. She spends time reading News Paper, magazines and solving puzzles. She listens to some noise in the house but finds no one. She feels she is alone. But she is not. There is another man in the house . He too feels the same. He feels he is alone in that bungalow but not. He listens to some noises but never faces the girl. Meanwhile a thief comes into the bungalow. Then in an attempt to catch the thief, both the man and girl happen to see each other. Then a police cop enters the house. The secret relating to a couple of murders in the bungalow sees light. What are those murders? Who are murderers? Who are the girl and man? That has to be watched on screen.\n"}