{"wikiId": "171047", "titre": "Restoration", "dateSortie": "1995-12-29", "duree": "117.0", "genre": ["Costume drama", "Historical fiction", "Period piece", "Drama", "Romantic drama", "Biographical film", "Romance Film"], "resume": "A young doctor, Robert Merivel , enters the service of King Charles II of England  after having saved the King's favorite spaniel. Merivel finds himself enjoying a life of pleasure and popularity at court, until the King informs him that he has arranged for Merivel to wed Celia , the King's favorite mistress. The purpose of the arranged marriage is to fool another of the King's mistresses. Merivel is given an estate named Bidnold in Suffolk, and Celia is installed in a house in Kew where the king can visit her secretly. Merivel lives a life of debauchery there, but also finds pleasure in restoring the house to its former beauty with the support of Will Gates , the man who runs the estate. However, things become complicated when Merivel breaks the King's cardinal rule by falling in love with Celia. Elias Finn , a painter commissioned by the King to paint a portrait of Celia, tricks Merivel into revealing his romantic feelings for Celia, who does not return Merivel's affections. After finding out about Merivel's romantic feelings toward Celia, the King banishes him from court back to his life as a physician. Merivel rejoins his old friend, John Pearce , who has opened a Quaker sanitarium. There, Merivel meets Katherine , a troubled young woman whose husband walked out on her after their daughter drowned in the river. Merivel and Katherine become lovers. Pearce falls fatally ill with consumption, and while Merivel is tending to his dying friend, Katherine makes a scene declaring to all who live and work at the facility that Merivel is her lover. They then discover that Katherine is pregnant with Merivel's child, and after the death of Pearce, Merivel and Katherine are both asked to leave. The pair return to London just as the Great Plague has hit. Katherine gives birth to a daughter, Margaret, via Caesarean section, but Katherine dies in the process as there is no way to ward off infection once the body has been cut open. In her dying moments, Merivel promises Katherine that he will care for Margaret, and that he loves Katherine. As the plague continues to kill the people of London, Merivel feels compelled to do what he can as a physician. He leaves Margaret with a midwife who promises to care for her in his absence, then he goes out into the city, separating the sick from the well, who have all been quarantined together, and does what he can to ease the suffering of the dying. When someone asks for Merivel's name, he says he is John Pearce as a tribute to his friend. Under this misnomer and in disguise, Merivel is once again summoned to the palace. The King fears that Celia has contracted the plague, but Merivel soon assures him that she does not have the plague, but rather has a treatable fever and is with child. With this, Merivel realizes the life he has now is more rewarding and fulfilling than the life and loves at the court he left behind. Suddenly, the court is notified that the city is ablaze, and Merivel races back to the city to retrieve his infant daughter from the flames. He is unable to find her, and falling through burning wood, Merivel lands in a small row boat, unconscious, and is floated by the river current away from the city. When he awakens, he is being cared for by Will Gates back at Bidnold, the estate the King had given to him at his marriage of Celia, and was then taken away. As Merivel recovers from his fall, he cannot recover from his failure to protect his young daughter from harm, when suddenly the King arrives at the house with his entourage. He informs Merivel that he has discovered the doctor's true identity, and that he was impressed with the man Merivel had become. With that, the King steps aside to reveal a nurse holding Margaret, Merivel's daughter, safely in her arms. For his courage and good work done in treating the victims of the plague, the King once again gives Bidnold to Merivel, stating that this time it will never be taken away. The film ends with Merivel returning to London, to set up a new hospital with help from the King.\n"}