{"wikiId": "13347259", "titre": "The Tic Code", "dateSortie": "2000-08-04", "duree": "88.0", "genre": ["Indie", "Family Drama", "Musical", "Drama", "Romantic drama", "Romance Film"], "resume": "The film tells the story of a young boy, Miles Caraday , a jazz piano prodigy who has Tourette syndrome, and his divorced mother Laura Caraday .The Tic Code  - Plot summary. ImDb.com. Retrieved on 2008-06-30. Miles becomes friends with a jazz saxophonist, Tyrone Pike  at a local nightspot, who also has Tourette's, but who has learned to cover it up.Thomas, Kevin. \"The Tic Code - Entertainment, Gregory Hines, Fairfield County\". The Baltimore Sun, 2000-08-03. Retrieved on 2008-06-30. In the film, Tyrone tells Denny Harley who bullies Miles that the reason they both tic is\u2014 Tyrone: [...] because we both know the code. Denny: [...] Code, what code? Tyrone: [...] 'the tic code'. Denny: So you and Miles made this whole thing up? Tyrone: No, the C.I.A. did; a lot of people know about it now.\n"}