{"wikiId": "12287154", "titre": "Calendar Girl Murders", "dateSortie": "1984", "duree": "92.0", "genre": ["Crime Fiction", "Thriller", "Television movie", "Mystery", "Suspense", "Crime Thriller"], "resume": "The plot revolves around the relationship between Sharon and Tom's characters. Tom's character is married and must protect calendar girls from murder, Sharon is a former calendar girl he must protect, but they get very close throughout the film. In the end, Tom does not have an affair with Sharon, and she is enraged and tries to kill his wife but he stops her.\n"}