{"wikiId": "3822455", "titre": "Love in the City", "dateSortie": "2007-01-09", "duree": "", "genre": ["Chinese Movies"], "resume": "Young traffic cop Yang Le  sees kindergarten teacher Xiao You  leading her kids to cross the road everyday. While he starts to have special feelings for her, he suddenly learns from a friend that she is a deaf-mute. Meanwhile, Yang's half-brother has a crush on a super star  while working as her Chinese interpreter. But she will leave China when shooting is over. Can the four find true love in the end?\n"}