{"wikiId": "11395322", "titre": "The Last Sin Eater", "dateSortie": "2007-02-09", "duree": "117.0", "genre": ["Christian film", "Indie", "Inspirational Drama", "Period piece", "Drama", "Film adaptation"], "resume": "The Last Sin Eater is a story that takes place in 1850s Appalachia in a settlement community of Welsh Americans. Ten-year-old Cadi's grief over the death of her beloved grandmother, the only person who seemed to love her unconditionally, is compounded by a previous family tragedy for which she believes her family blames her. During her grandmother's funeral rites, Cadi sees the face of the village sin-eater, a person who absolves the deceased, at death, of their sins in this tiny Smoky Mountain community. About the same time, a preacher comes to the isolated valley and camps outside the village. Through dialogue with the holy man, the young girl slowly realizes that the sin eater is false and learns of Jesus and Christianity. Cadi's baptism leads to a reconciliation with her family. But Cadi's new found faith leads to tragedy and confrontation as the close-knit community must finally face the horrific secret on which their village was founded.\n"}