{"wikiId": "5537069", "titre": "Momo", "dateSortie": "1986", "duree": "101.0", "genre": ["Fantasy", "Animation"], "resume": "In the ruins of an amphitheatre just outside an unnamed Italian city lives Momo, a little girl of mysterious origin. She is remarkable in the neighbourhood because she has the extraordinary ability to listen &mdash; really listen. By simply being with people and listening to them, she can help them find answers to their problems, make up with each other, and think of fun games. This pleasant atmosphere is spoiled by the arrival of the Men in Grey. These strange individuals represent the Timesavings Bank and promote the idea of timesaving among the population, time which can be deposited to the Bank and returned to the client later with interest. In reality, the more time people save, the less they have. The time they save is actually lost to them, consumed by the Men in Grey. Momo, however, is a wrench in the plans of the Timesaving Bank thanks to her special personality. In the cartoon Momo finds her way up to an elevated realm of a master time keeper who contrives to stop time long enough for Momo to sabotage a meeting of the gray men long enough to close their time vault when they need it, causing them to all disappear into their own cigar smoke, after which she can open the vault and release everyone's time which returns as a river of flower petals.\n"}