{"wikiId": "11305221", "titre": "Koper", "dateSortie": "2006-08-31", "duree": "123.0", "genre": ["Drama"], "resume": "Yahya , a working-class clerk employed in a government-run archives office, found a suitcase on a roadside that is purported to contain stolen cash from a bank. Soon after finding the suitcase, Yahya's life changed drastically, starting from the fact that everybody is competing to take advantage of him and his newly-established status as a 'wealthy man'. However, Yahya decides to safeguard the suitcase and leave it unopened, until a few incidents forced him to re-think that decision.\n"}