{"wikiId": "17983509", "titre": "The Legend of God's Gun", "dateSortie": "2008-05-23", "duree": "79.0", "genre": ["Action/Adventure", "Western", "Indie"], "resume": "A gun-slinging preacher returns to the debaucherous town of Playa Diablo seeking revenge from the notorious scorpion-venom drinking bandito El Sobero, a descendent of a disciple of King Tavatta--the Scorpion King from the ancient world. El Sobero and his band of bad banditos are also returning to Playa Diablo seeking their own revenge against the town sheriff for putting a bounty on their heads and subsequently shooting all of their horses. With the Bounty Hunter dragging up slowly behind there is sure to be a confrontation of Biblical proportions as they all meet in the circle of death. This is The Legend Of God's Gun.\n"}