{"wikiId": "1241944", "titre": "Yu-Gi-Oh! The Movie: Pyramid of Light", "dateSortie": "2004", "duree": "90.0", "genre": ["Fantasy Adventure", "Japanese Movies", "Adventure", "Action Comedy", "Animation", "Anime", "Fantasy", "Children's", "Action", "Family-Oriented Adventure"], "resume": "Five-thousand years ago, Pharaoh Atem killed and imprisoned Anubis after he tried to destroy the world using the forbidden Shadow Games. In the present day, Anubis' tomb is uncovered by archaeologists, complete with his most valuable treasure, the Pyramid of Light. At the same time, Yugi Mutou completes Atem's Millennium Puzzle, causing Anubis to awaken from his eternal slumber and begin his return from the dead. Sharing his body with Atem's soul under the alias of Yami Yugi, Yugi goes on to become the King of Games, the world's greatest player of the trading card game Duel Monsters, by defeating his rival Seto Kaiba and obtaining the three powerful Egyptian God cards. Desperate to defeat Yugi, Kaiba turns to Maximillion Pegasus, creator of Duel Monsters, to gain any new cards designed to defeat the God cards. Kaiba and Pegasus duel with Kaiba winning and taking two cards, although Pegasus claims he only created one. Yugi and T\u00e9a Gardner go to the local museum where Anubis' corpse and the Pyramid of Light are on display, meeting up with Yugi's Grandpa Solomon, who reads a prophecy describing a clairvoyant eye which will prevent the world's destruction if blinded. Anubis' spirit attacks the group with Yugi having a vision of the Lord of the Dead manipulating Kaiba and him a Shadow Game deathmatch. He awakens to find Anubis and the Pyramid of Light missing, and races to warn Kaiba, taken to his duel dome by Kaiba's little brother Mokuba with friends Joey Wheeler and Tristan Taylor in pursuit. Kaiba arrogantly and ignorantly forces Yami Yugi into a duel, unaware that Anubis is manipulating him into using one of the two new cards, Pyramid of Light, which covers the field in a huge replica of the actual pyramid and destroys the God Cards. Yugi, Joey and Tristan are sucked into the pyramid whilst Mokuba flees the crumbling building. Yugi, Joey and Tristan awaken within the Millennium Puzzle, finding Anubis' tomb within. The regenerating sorcerer reveals that his monsters will destroy the modern world. Yami Yugi and Kaiba continue their duel, each blow to their in-game Life Points actually draining away their physical energy. Kaiba uses the second new card, the Blue-Eyes Shining Dragon, to destroy Yami's last monster and dropping his Life Points to near 0. T\u00e9a, Solomon, and Mokuba escape the collapsing dome in Pegasus' helicopter, Pegasus having figured out what is going on. T\u00e9a's soul is sent into the Millennium Puzzle to aid Yugi, Joey and Tristan. Yugi finds the Dagger of Fate within Anubis' tomb, and uses it to destroy the all-seeing eye in the tomb as per the prophecy. Anubis materializes behind Kaiba as he tries to alter the duel's path, casting him aside and taking command of the duel. Yami, reunited with Yugi, destroys the Pyramid of Light card with the Blue-Eyes Shining Dragon and then uses Kaiba's planned strategy to summon the God Cards and end the duel by destroying Anubis. However, Anubis rises again as a demonic beast and transforms the Duel Monsters cards into real creatures. This proves to be his undoing when Yugi and Yami summon the Blue-Eyes Shining Dragon to destroy Anubis. Kaiba departs promising to defeat Yugi, Yugi thanking Yami and his friends for their help and companionship.\n"}