{"wikiId": "19030640", "titre": "The Little Bear Movie", "dateSortie": "2001", "duree": "77.0", "genre": ["Children's", "Animation"], "resume": "Little Bear and Father Bear go out camping and they meet a new young bear named Cub and his friend Little Moose. Then Little Bear is met with Trouble the Mountain lion, but Cub saves him. Cub tries to get acquainted with Little Bear's house then plays with Little Bear and his friends, Cat, Owl, Duck, and Hen. When they learn that Cub's parents got lost, they search for them. Little Bear, Cub, and Duck get separated from Moose and the others. They soon encounter Cub's friends Poppy and Pete the two silly red foxes. When they get to the Canyon, Trouble spies on them and tries to eat Duck, but Poppy and Pete save Duck. Little Bear manages to \"defeat\" Trouble and find Cub's parents.\n"}