{"wikiId": "3579037", "titre": "A Question of Attribution", "dateSortie": "1991", "duree": "", "genre": ["Crime Fiction", "Biopic [feature]", "Drama", "Psychological thriller", "Spy"], "resume": "The play and subsequent film is based on Anthony Blunt's role in the Cambridge Spy Ring and, as Surveyor of the Queen's Pictures, personal art advisor to Queen Elizabeth II. It portrays his interrogation by MI5 officers, his work researching and conserving art works, his work at the Courtauld Institute, and his acquaintance with the Queen. Bennett described the piece as an \"inquiry in which the circumstances are imaginary but the pictures are real.\"\n"}