{"wikiId": "22302663", "titre": "Tales of Vesperia: The First Strike", "dateSortie": "2009-10-03", "duree": "110.0", "genre": ["Anime", "Japanese Movies", "Animation"], "resume": "plot}} The abnormal gushing of aer has caused forests to wilt and aberrations in the behavior of the local monsters. After their first assignment to help in destroying a monster infestation near the town, Yuri, Flynn, Hisca, and Chastel meet the leader of the local guild, Melzome Kaid, after Yuri starts a bar fight with his guild members. Raven is one of the guild members. Yuri and Flynn, despite being childhood acquaintances, have a standoffish attitude against each other, with Flynn's stringent adherence to rules and regulation clashing against Yuri's free-spirited and just nature. Through flashbacks, it is revealed that Flynn's personality is attributed to his father, who was once a member of the Imperial Knights himself. During a battle to defend his hometown, Flynn's father disobeyed his given orders and continued to fight fervently to protect the town. Though his valiant efforts were successful, he perished as a result, leaving not even a body for Flynn and his mother to bury. In sharp contrast, Niren, the captain of the knights stationed in Shizontania, was once dedicated to following the letter of the rules and regulation of the knights. However, he attributes the death of his wife and daughter to this trait, saying that if he had defied orders he may have been able to protect them. Niren confides in Yuri that he has a great deal of respect for what Flynn's father did. The knights' efforts to repel the monsters around the area prove to be in vain, and their blastias start to malfunction due to the abnormal amount of aer. Niren decides to take steps to protect the town. Despite being called by Commandant Alexei to attend a formal gathering at the imperial capital of Zaphias, Niren sends Flynn in his stead to attend the gathering and to request aid in defending the town. Niren and Chastel leave in search of a 'strange blastia expert' named Rita Mordio. Yuri and Hisca are left to care for Lambert, Niren's personal hound, and Repede, Lambert's son. While Niren succeeds in finding Rita Mordio and obtaining a device with which to return the aer to normal, Yuri and Flynn's assignments end in disaster. Flynn is admonished by Commandant Alexei, and his request for reinforcements to hold Shizontonia are denied until the end of the gathering, as the town is viewed as out of the way and thus unimportant. Furthermore, Alexei orders Flynn to tell Niren to stay in the town and not take any actions until reinforcements arrive, but privately he gives his subordinate different orders related to the town. Afterward Flynn has a small chat with Estellise. Yuri and Hisca assist in defending the town against a strange monster made out of aer, and while they successfully repel the invasion, the monster takes control of Lambert. As Lambert rages out of control, Yuri is forced to kill him in order to protect Hisca, leaving Yuri dispirited. When Flynn returns from Zaphias, he and Yuri come to blows, as each believes the other had an effortless assignment. Meanwhile, a platoon of high ranking knights from central are seen in the forest being slaughtered by monsters. One survives and flees to Shizontonia's front gate, where he delivers a report to an unseen individual in the city. Raven witnesses this meeting. Niren, upon receiving the news that reinforcements would not be arriving anytime soon, decides to take the knights to investigate the source of the aer, which he believes to be a fortress at the center of a nearby lake. Flynn disagrees with Niren's decision, viewing it as disobedience of a direct order. Garista, the strategist for the Niren Corps, attempts to dissuade Niren, first directly, then through appealing to Flynn's personality, to no avail. The investigation in the fortress turns out to be more dangerous than originally thought, as the aer begins to turn the fortress into a living weapon to attack the knights. Melzome arrives with several of his guild members and assists Niren's group, and the knights make their way into the center of the fortress, where a giant blastia is found to be using the aer. Niren uses the device given by Rita Mordio to stifle the gushing of aer, but a backlash is caused by the sudden ceasing of aer flow and the blastia explodes, destroying the barrier blastia keeping Shizontonia safe, knocking out Chastel, and causing the fortress to begin to crumble. On the way out, Flynn spots a piece of fallen blastia that Niren apparently recognizes; he tells Flynn that they'll deal with this new information later. As Niren attempts to carry Chastel to safety, the floor beneath him crumbles. Niren is able to throw Chastel to Yuri, and is stranded in a sinkhole of gushing aer. Despite Yuri's attempts to save him, due to a wound he received during the investigation, Niren is unable to pull himself to safety. Leaving his blastia with Yuri, Niren tells the knights to leave without him. The fortress collapses around him as the knights, as well as Melzome and his guild, are forced to leave Niren behind. The knights and the entire town mourn deeply over Niren's death, and during the funeral service Yuri tells Flynn that even though Niren sacrificed his life as a result of disobeying orders, he left behind a town full of people willing to live on, much like Flynn's father did when he was a child. At this Flynn openly weeps as the captain's casket is taken away. However, Flynn soon realizes that the blastia used in the fortress where the aer abnormality originated, along with the piece he spotted on the floor, were a specialized type used only by Garista. Yuri and Flynn confront Garista with this information, and Garista reveals that he was attempting to create a new kind of blastia that would give humans total control over aer. The duo say they will arrest him, but Garista implies  that the higher ups of the knights already knew of his research and allowed it. Not only that, an earlier research incident years ago was the catalyst for the battle that Flynn's father died at. Infuriated, Yuri and Flynn attack Garista, who overpowers them with his blastia. However, Yuri and Flynn uses Niren's blastia to catch Garista off guard and Yuri stabs him through the chest, killing him. In the aftermath, Shizontonia is evacuated due to the failure of the barrier blastia, and vice captain Jurgis, having been told from the beginning by Niren that Garista was likely behind the current events, overlooks Yuri and Flynn's killing of Garista; the official report will state that a blastia explosion was the cause. With Niren gone, the only commanding officer that could possibly handle or tolerate him, Yuri leaves the knights, taking Niren's blastia as a keepsake and bringing Repede  along with him, saying his goodbyes to everyone in the town. Flynn sees him off at the gates, and the two share a fond farewell, swearing to meet again one day as Yuri leaves.\n"}