{"wikiId": "6066495", "titre": "Black Eagle", "dateSortie": "1988-05-19", "duree": "93.0", "genre": ["Thriller", "Action", "Martial Arts Film"], "resume": "The film takes place with the summoning of a |Japanese martial artist Ken Tami  , assigned on a U.S. Governmental mission to retrieve a top secret laser tracking device that was on board a shot down F-111 jet. Ken Tami along with the assistance of his brave two young sons and his female CIA aide Patricia Parker  must track down the tracking device before all ends, as Ken inevitably comes face to face with an unknown skilled enemy in the form of a KGB team leader named Andrei .\n"}