{"wikiId": "29034540", "titre": "My Week with Marilyn", "dateSortie": "2011-10-09", "duree": "98.0", "genre": ["Biographical film", "Historical fiction", "Drama"], "resume": "Following his graduation from university, aspiring filmmaker Colin Clark  travels to London to get a job on Laurence Olivier's  next production. Hugh Perceval  tells Colin there are no jobs available, but he decides to wait for Olivier, whom he once met at a party. Olivier and his wife, Vivien Leigh , eventually show up and Vivien encourages Olivier to give Colin a job on his upcoming film The Prince and the Showgirl, starring Marilyn Monroe (Michelle Williams . Colin's first task is to find a suitable place for Marilyn and her husband, Arthur Miller , to stay at while they are in England. The press find out about the house, but Colin reveals he hired another just in case, impressing Olivier and Marilyn's publicist, Arthur Jacobs . The paparazzi find out about Marilyn's arrival at Heathrow and they gather around the plane when it lands. Marilyn brings her husband, her business partner, Milton H. Greene , and her acting coach Paula Strasberg  with her. She initially appears to be uncomfortable around the many photographers, but relaxes at the press conference. Olivier becomes frustrated when Marilyn is late to the read-through. She insists Paula sits with her and when she has trouble with her lines, Paula reads them for her. The crew and the other actors, including Sybil Thorndike , are in awe of Marilyn. Colin meets Lucy , a wardrobe assistant whom he is attracted to, and they go on a date. Marilyn starts arriving later to the set and often forgets her lines, angering Olivier. However, Sybil praises Marilyn and defends her when Olivier tries to get her to apologise for holding the shoot up. Marilyn struggles to understand her character and leaves the set when Olivier insults her. Colin asks the director to be more sympathetic towards Marilyn, before he goes to Parkside House to check on her. He hears an argument and finds a tearful Marilyn sitting on the stairs with Arthur's notebook, which contains the plot of a new play that appears to poke fun at her. Arthur later returns to the United States. Vivien comes to the set and watches some of Marilyn's scenes. She breaks down, saying Marilyn lights up the screen and if only Olivier could see himself when he watches her. Oliver tries unsuccessfully to reassure his wife. Marilyn does not show up to the set following Arthur's departure and she asks Colin to come to Parkside and they talk. The crew becomes captivated by Marilyn when she dances for a scene and Milton pulls Colin aside to tell him Marilyn breaks hearts and that she will break his too. Lucy also notices Colin's growing infatuation with Marilyn and breaks up with him. Colin and Marilyn spend the day together and are given a tour of Windsor Castle by Owen Morshead . Colin also shows Marilyn around Eton College, and they go skinny dipping in the River Thames. Marilyn kisses Colin and they are found by Roger Smith (Philip Jackson , Marilyn's bodyguard. Colin is called to Parkside one night as Marilyn has locked herself in her room. Colin enters her room and Marilyn invites him to lie next to her on the bed. The following night, Marilyn wakes up in pain and claims she is having a miscarriage. A doctor tends to her and Marilyn tells Colin that she wants to forget everything. She later returns to the set to complete the film. Olivier praises Marilyn, but reveals she has killed his desire to direct again. Lucy asks Colin if Marilyn broke his heart and he replies that she did, a little. Marilyn comes to Colin's B&B and thanks him for helping her. She kisses him goodbye and Roger drives her to the airport.\n"}