{"wikiId": "3143823", "titre": "Prisoner of Honor", "dateSortie": "1991-11-02", "duree": "88.0", "genre": ["Period piece", "Courtroom Drama", "Drama", "Political drama", "Television movie"], "resume": "The film documents the events that saw a French Captain, Alfred Dreyfus, sent to Devil's Island for espionage near the end of the nineteenth century. Colonel Georges Picquart  is given the job of justifying Dreyfus' sentence. Instead, he discovers that Dreyfus , a Jew, was merely a convenient scapegoat for the actions of the true culprit, a member of the French General staff. His attempt to right the wrong sees his military career ended and the famous French author, Emile Zola , found guilty of libel.\n"}