{"wikiId": "8605097", "titre": "Pr\u00eate-moi ta main", "dateSortie": "2006-11-01", "duree": "89.0", "genre": ["Romantic comedy", "World cinema", "Drama", "Comedy", "Romantic drama", "Romance Film"], "resume": "Luis , 43, happily single, mollycoddled by his family , has a successful career as a perfumer and an easy life. Tired of taking care of him, the G7 decide he should get married within a year. The problem is Luis does not want any kind of serious relationship since they ruined his first true love. After turning down all the girls introduced to him, he gets an idea: \"rent\" his best friend's sister, Emma , turn her into the perfect bride-to-be, and make her not show up on their wedding day. That way, Luis thinks his family will leave him alone. Unfortunately for him, his family likes Emma and blames him when she apparently jilts him at the altar. He then comes up with an alternate plan to have Emma act horribly towards his family so they will not like her any more. The two begin to fall in love so Luis finally stands up to his family, confesses his schemes and finally settles down with Emma.\n"}