{"wikiId": "9545952", "titre": "Night Nurse", "dateSortie": "1931-07-16", "duree": "72.0", "genre": ["Crime Fiction", "Gangster Film", "Black-and-white", "Mystery", "Pre-Code", "Drama"], "resume": "Lora Hart  applies for a job as a trainee nurse in a hospital, but is rejected by Miss Dillon  for not having graduated from high school. Fortunately, a chance encounter with the hospital's chief of staff, Dr. Arthur Bell , in an uncooperative revolving door gets that requirement waived. Lora's roommate and fellow nurse, Miss Maloney , becomes her best friend. One day, Lora treats bootlegger Mortie  for a gunshot wound and earns his gratitude by letting herself be persuaded not to report it to the police as required by law. He also admires the pretty young nurse. After she passes her training, Lora is hired for private duty, looking after two sick children, Desney and Nanny Ritchie  at the mansion of their alcoholic socialite mother , where there is always a party going on. When a drunk guest tries to molest her, Nick the brutish chauffeur  knocks him out. Then, when she turns down his demand that she pump out the stomach of a very drunk Mrs. Ritchie, he knocks Lora out and removes her to her room. Lora becomes alarmed by the treatment prescribed by Dr. Milton Ranger  for the children, because she sees that they are being slowly starved to death, but she is unable to get anybody to take her seriously. She quits and takes her suspicions to Dr. Bell. He is initially reluctant to interfere with another doctor's patients, but eventually advises her to return to her job so she can gather evidence. She manages to persuade Dr. Ranger to take her back. Finally, Nanny Ritchie becomes so weak, Lora fears for her life and tries unsuccessfully get Mrs. Ritchie to show any concern. By chance, Mortie is making a delivery of booze to the perpetual party at the mansion. Desperate, Lora sends Mortie for milk for a bath for the child, a folk remedy recommended by the frightened housekeeper, Mrs. Maxwell . Maxwell gets drunk and confides to Lora her suspicion that Nick and Dr. Ranger are working to murder the children in order to get at their trust fund. Mrs. Ritchie is in love with Nick, and he plans to marry her. After being threatened by Mortie, Dr. Bell shows up and examines the little girl. However, when Bell tries to get the child to the hospital, Nick punches him. Mortie stops Nick from interfering further, and the child's life is saved by an emergency blood transfusion provided by Lora. The next day, Mortie gives Lora a lift in his car. To allay her worries, he informs her that he told some of his friends that he didn't like Nick. Elsewhere, an ambulance brings a body dressed in a chauffeur's uniform to the hospital's morgue.\n"}