{"wikiId": "31607", "titre": "The Day After", "dateSortie": "1983-11-20", "duree": "120.0", "genre": ["Science Fiction", "Drama", "Television movie"], "resume": "The story follows several citizens and those they encounter after a nuclear attack on Lawrence, Kansas and Kansas City, Missouri. The narrative structure of the film is presented as a before and after scenario with the first half introducing the various characters and their stories. The center section is the nuclear disaster itself. The latter half of the film shows the effects of the fallout on the characters. Dr. Russell Oakes  lives in the upper-class Brookside neighborhood with his wife  and works in a hospital in downtown Kansas City. He is scheduled to teach a hematology class at the University of Kansas hospital in nearby Lawrence, Kansas, and is en route when he hears an alarming Emergency Broadcast System alert on his car radio. He pulls off the crowded freeway, attempts to contact his wife, but gives up due to the incredibly long line at a phone booth. Oakes heads back home down I-70, the only eastbound motorist. The nuclear attack begins and Kansas City is gripped with panic as air raid sirens wail. Oakes' car is permanently disabled by the electromagnetic pulse, as are all motor vehicles and electricity. Oakes is about thirty miles away from downtown when the missiles hit. His family, many colleagues and millions of others are killed. He walks ten miles to Lawrence and at the university hospital treats the wounded with Dr. Sam Hachiya  and Nurse Bauer . Also at the university, science Professor Joe Huxley  and students use a Geiger counter to monitor the level of nuclear fallout outside. They build a makeshift radio to maintain contact with Dr. Oakes at the hospital, as well as to locate any other broadcasting survivors outside the city. Billy McCoy  is an Airman First Class in the United States Air Force stationed at Whiteman AFB near Kansas City who is called into duty during the DEFCON 2 alert. He is among the first to witness the initial missile launches signaling the start of a full-scale nuclear war. After it becomes clear that a Soviet counterstrike is imminent, the unit panics; several Airmen stubbornly insist they stay on duty while the others, including McCoy, point out that it is futile. McCoy drives away in a truck to retrieve his wife and child in Sedalia, but it is disabled by the EMP blast. McCoy, realizing what has happened, flees the truck and finds an abandoned bunker, barely escaping the oncoming nuclear blast. After the attack, McCoy walks towards a town and finds an abandoned store, where he takes candy bars and other provisions while gunfire is heard in the distance. While standing in line for a drink of water from a well pump, McCoy befriends a man who is mute and shares his provisions. As they both begin to suffer the effects of radiation sickness, they leave a refugee camp and head to the hospital at Lawrence, where McCoy ultimately succumbs to the disease. Farmer Jim Dahlberg  and his family live in rural Harrisonville, Missouri, far outside of Kansas City but very close to a field of missile silos. While the family is preparing for the wedding of their eldest daughter, Denise, they are forced to prepare for the impending attack by converting their basement into a makeshift fallout shelter. As the missiles are launched, Dahlberg forcefully carries his wife Eve,  who denied the severity of the escalating crisis and continued the wedding preparations, down to the basement from their bedroom. Eve collapses into a fit of hysteria upon realizing a nuclear war has begun. While running to the shelter, the Dahlberg's son, Danny, stared directly at a nuclear explosion and was flash-blinded. University of Kansas student Stephen Klein , hitchhiking home to Joplin, Missouri, stumbles upon the farm and is taken in by the Dahlbergs. After several days in the basement, Denise, distraught over the situation and the unknown whereabouts of her fiance, Bruce, leaves the basement and runs outside. Klein goes after her and forces her back into the basement. In the weeks afterwards, Danny's condition deteriorates as does Denise's, who begins hemorrhaging while at a makeshift church service . Klein takes Danny and Denise to Lawrence for treatment. Dr. Hachiya attempts to treat Danny with no improvement, and Klein and Denise develop terminal radiation sickness. Dahlberg, upon returning from an emergency farmers meeting, confronts a group of survivors squatting on the farm and is shot to death. Ultimately, the overall situation at the hospital becomes dire and grim. Dr. Oakes collapses from exhaustion and upon awakening finds out that Nurse Bauer has died from meningitis. Oakes, suffering from terminal radiation sickness, decides to return to Kansas City to \"see my home one last time before I die\" while Dr. Hachiya stays behind. Oakes hitches a ride on an Army National Guard truck, where he witnesses military personnel blindfolding and executing looters. At his home, he finds the charred remains of his wife's wristwatch and a family huddled in the ruins. Oakes angrily orders them to leave. The family silently offers Oakes food, causing him to collapse in despair, as a member of the family comforts him. As the scene fades to black, Professor Huxley forlornly calls into his makeshift radio: \"Hello? This is Lawrence, Lawrence, Kansas. Is anybody there? Anybody? Anybody at all....\"\n"}