{"wikiId": "6307083", "titre": "The Fixer", "dateSortie": "1968-12-08", "duree": "132.0", "genre": ["Biographical film"], "resume": "Like the book, the film's main character is Yakov Bok, a Jew living in the Russian Empire, who was unjustly imprisoned based on prejudice and the charge of having committed blood libel. It was based on the incidents of the Beilis Trial in 1913, in which Menahem Mendel Beilis was wrongly accused of having murdered a Ukrainian boy named Andrei Yushchinsky, with blood libel being presented as the alleged motivation.\n"}