{"wikiId": "6770577", "titre": "Sweet Land", "dateSortie": "2005", "duree": "110.0", "genre": ["Romantic drama", "Romance Film", "Drama", "Indie", "Period piece"], "resume": "In the aftermath of World War I, Inge Altenberg , an orphan from Sn\u00e5sa, Norway, arrives in America to a very cold reception. The parents of immigrant farmer Olaf Torvik  remain in Norway, where they met her. Dialogue reveals that the four of them have worked out an agreement that allowed her to emigrate to America for the purpose of marrying Olaf. The Minnesota farming village of Audubon, in which her intended husband lives, is horrified to learn that she is a German immigrant with no papers. To make matters worse, she has accidentally obtained membership papers for the American Socialist Party. Scandalized, both the town's Lutheran minister and the county clerk refuse to marry them. When events lead them to openly cohabit with each other, they find themselves ostracized by the entire town. They are then forced to harvest their crop completely by hand and alone. This particular harvest season brings not only work, but love as well.\n"}