{"wikiId": "1134100", "titre": "Hell Divers", "dateSortie": "1931", "duree": "109.0", "genre": ["Action", "Drama", "Adventure", "Black-and-white", "War film"], "resume": "Chief Petty Officer \"Windy\" Riker The back of Windy's flight jacket and his stores box is stenciled \"H.W. Riker A.C.M.M.\", for \"Aviation Chief Machinist's Mate.\"Griffin is retired and replaced in command of Fighting One by Duke Johnson. Windy becomes Johnson's gunner when the squadron flies to the ship. During a bombing exercise off Panama, Windy misplaces his code book and delays the takeoff of the squadron. As punishment, he is assigned to supervise a work party when the ship docks, missing liberty and keeping him from seeing Mame Kelsey , the woman in Panama he wants to settle down with after retirement. Steve, who knows Mame, encounters her on the dock and shares her carriage, but Windy hears about it and sneaks into town. Mame tries to convince Steve to patch up his differences with Windy, then promotes peace between them when Windy shows up at her hotel. Having a drink together in the bar, however, Windy starts a brawl. Steve tries to help him avoid the Panamanian police but Windy is thrown in jail. As the Saratoga passes through the Panama Canal, Mame bails Windy out of jail and he catches up to it by stealing a boat. For his transgressions, the captain of the Saratoga reduces Windy one rate from chief. Windy is disciplined at \"Captain's Mast\" and reduced to Aviation Machinist's Mate 1st Class for leaving his post without authorization, absent without leave, and missing ship. Steve reluctantly becomes leading chief. During a mock battle, Steve's aircraft crashes near a rocky island, killing the pilot and leaving Steve with a broken leg. Duke and Windy land to rescue Steve, but Duke suffers a head injury and Windy has to save both. Steve and Windy become friends while waiting in the fog to be found. Windy writes Ann a note confessing that he used Lulu as a joke to frame Steve. After four days, Duke's condition worsens and Steve develops blood poisoning. Windy tries to save them by flying them out in Duke's dive bomber, with Duke in the rear cockpit and Steve riding on the wing. Despite the fog, they find the aircraft carrier, but his aircraft crashes during landing, fatally trapping Windy in the burning wreckage. At his last request, Windy is buried at sea as a missing man formation flies overhead.\n"}