{"wikiId": "21851125", "titre": "Tapestries of Hope", "dateSortie": "2009", "duree": "76.0", "genre": ["Documentary"], "resume": "Director Michealene Cristini Risley traveled to Zimbabwe to explore the rape and AIDS crisis in the country. She had previously befriended Betty Makoni, a born and raised Zimbabwean, and got to know about Makoni's organization, The Girl Child Network, which aims to empower the girls in Zimbabwe to stand up for their rights and also to provide a network as protection for these girls. The stories were told by the girls of Zimbabwe and Makoni was the main cast for this film. Throughout the film, it was shown how Makoni has helped the girls in finding their voice and speaks out on the atrocities they have experienced. Risley and her crew were arrested and incarcerated shortly after shooting 22 hours of footage in Zimbabwe.http://savehope.blogspot.com/2007/08/this-past-week.html The film was also seized by the Zimbabwean Intelligence Office at one time. However, the team managed to retrieve the footage and left Zimbabwe shortly after.\n"}