{"wikiId": "28874134", "titre": "Bismarck", "dateSortie": "1940-12-06", "duree": "118.0", "genre": ["Biographical film", "Drama"], "resume": "Expand section}} The film depicts the life of the Prussian statesman Otto Von Bismarck, a German nationalist who withstands parliament to act for the people, a lonely genius. The wars of the era are depicted as being the handiwork of one great man; the Battle of K\u00f6niggr\u00e4tz is shown as solely the work of General Moltke, with no soldiers to be seen.Erwin Leiser, Nazi Cinema p106-7 ISBN 0-02-570230-0 Brought out in the wake of the Molotov\u2013Ribbentrop Pact, it depicts Bismark saying that the Russian alliance will safeguard the Prussians in the east.Erwin Leiser, Nazi Cinema p43 ISBN 0-02-570230-0\n"}