{"wikiId": "6809403", "titre": "Unnai Ninaithu", "dateSortie": "2002", "duree": "163.0", "genre": ["Romantic drama", "Romance Film", "Drama", "World cinema"], "resume": "The basic story of the movie involves Laila and Suriya falling in love. A 3rd character gets entangled in the plot and Laila is compelled by her family to marry him. Heart-broken Suriya leaves her alone, but only to find out that the man she married is a total crook. In trying to prove this to Laila, Suriya always ends up in situations where he looks like the crook. Infuriated and disgusted Laila yells at Suriya telling him to back off. Suriya then officially leaves her alone. Sneha gets weaved into the plot and ends up falling for Suriya's charm, and Fastidious behaviour and they end up having great times together, that is until Laila comes back all heart-broken after finding out her husband wants nothing further to do with her as he was going to marry someone else. Upon seeing this Suriya becomes greatly disturbed and helps Laila out in all the ways he can. In the end Laila is moving back to her hometown and at the train station asks for Suriya's hand in marriage, only to find that he is not interested. He states that love isn't like a tape-recorder to play over and over again, it only comes once. He tells her he is now only interested in Sneha who will wait for him all her life. He sees her off and is leaving the train station when Sneha runs up to him. They both smile at each other and walk off into the sun set.\n"}