{"wikiId": "7622475", "titre": "Springtime", "dateSortie": "2004-09-17", "duree": "128.0", "genre": ["Romance Film", "Melodrama", "Drama"], "resume": "To trumpeter Hyun-woo, life seems to remain forever locked in winter. In desperation, Hyunwoo signs up for a position teaching a children\u2019s wind ensemble at a small junior high school in a distant Dogye village. Worn-out instruments, tarnished trophies and frayed certificates testify to the poor conditions of this ragtag group. This leads Hyun-woo, together with his students, to take on a seemingly impossible challenge.\n"}