{"wikiId": "2815064", "titre": "The Bow", "dateSortie": "2005-05-12", "duree": "90.0", "genre": ["Romantic drama", "Romance Film", "Drama", "World cinema", "Japanese Movies"], "resume": "The Bow is set entirely on a rotting 40-foot boat anchored off the coast of Korea. An old man  maintains it as a fishing platform for tourists with the help of a beautiful 16-year-old girl  who appears to be mute. Visitors to the boat chat about the rumors. He brought her out when she was just six years old. Her parents are looking for her. He plans to marry her on her 17th birthday. The stories sound farfetched, as does the idea that the old man is also a fortune teller, but they all turn out to be basically true. She is everything to him: a kidnap victim/daughter/girlfriend/fianc\u00e9e. The old man fends off the fishermen to who try to cop a feel by shooting arrows at them while the girl just smiles. He predicts fortune by shooting three arrows at a Buddha image on the side of the boat as the girl swings dangerously in front of it. The girl whispers in his ear and he whispers in the persons ear his fortune. She's not a bad archer either and is more than capable of protecting herself. When he's not wielding the bow as a weapon, the old man converts it into a musical instrument and plays it like a violin. The old man's arrangements start to come apart when the boat is visited by a fishing party that includes a sweet-natured student  who falls in love with the girl at first sight and is profoundly concerned about her situation. She, too, falls for him, and the old man starts to fear that his marriage day, carefully marked on his calendar, may never come to pass. The student comes to take her away as her parents are searching for her still, but the old man tries to prevent them from leaving by shooting arrows at him but she stands in front. And tries to commit suicide. She returns and marries him. They each liberate a chicken as part of the ceremony. They leave on the boat to consummate the marriage. The student releases the cock but hits the hen but later releases it too. The old man starts to play his bow and the girl falls asleep. He shoots an arrow in the sky and jumps into the ocean. The boat returns to the student. But the girl acts as though someone is having sex with her and suddenly the arrow shot earlier strikes between her legs in the plank. She has an orgasm and bleeds. As they leave the old boat starts following them and after she waves sink. Then this message comes onscreen as an end note: \"Strength and a beautiful sound like in the tautness of a bow. I want to live like this until the day I die.\"\n"}