{"wikiId": "30332673", "titre": "#1 Cheerleader Camp", "dateSortie": "2010", "duree": "90.0", "genre": ["Sports", "Sex comedy", "Comedy film", "Comedy", "Teen"], "resume": "Two horny college guys get summer jobs at a cheerleader camp for the summer. Friendly and naive Michael is mistaken as a homosexual even though he isn't. World class jerk Andy has an addiction to masturbation and also tries to hook up with a different girl every night. Michael and Andy help out head cheerleader Sophie form her own cheerleading team. A group of strippers end up becoming cheerleaders after Michael and Andy have a run-in with them at a local gentlemen's club. A college scholarship is offered to the group of cheerleaders that wins the climatic team competition.\n"}