{"wikiId": "30961659", "titre": "Doubletime", "dateSortie": "2007", "duree": "82.0", "genre": ["Documentary"], "resume": "In the last 30 years jump roping has moved off the sidewalks and onto the stage. It now features astounding acrobatics, lightning speed and international competition. Doubletime follows the top two American teams: The Bouncing Bulldogs of Chapel Hill, North Carolina and The Double Dutch Forces of Columbia, South Carolina. Although they train in neighboring states, the Bulldogs and the Forces scarcely cross paths as they belong to separate leagues that do not compete against one another. The Bulldogs represent the best of gymnastic freestyle jumping found mostly in white suburbia while the Forces belong to the inner- city African American tradition of Double Dutch. For the first time, both the Bulldogs and the Forces decide to enter a competition at the world famous Apollo Theater called the Holiday Classic. The film features four young athletes  who display courage, skills and charisma as they passionately prepare for the event. Doubletime culminates on stage in Harlem with this rowdy crowd- pleasing contest which features \u201cfusion\u201d routines where Double Dutch is blended with hip- hop dance and music.\n"}