{"wikiId": "28771977", "titre": "This Ain't Avatar XXX", "dateSortie": "2010-09", "duree": "129.0", "genre": ["Pornographic movie"], "resume": "After the original events of Avatar, Jake reveals in a video log that the Na'bi has a darker side. After sexual flashbacks which show moments in the film which purport to show what actually happened, the film shows what occurs after the human corporation leaves Pandhora. The Na'bi turn out to be \"fetish-fueled sex fiends\", who have a massive orgy after the corporation leaves, and then reveal their true purpose for keeping humans in a twist ending.\n"}