{"wikiId": "5452459", "titre": "Pari", "dateSortie": "1995", "duree": "115.0", "genre": ["Romance Film", "Drama"], "resume": "Pari is a student of literature at a university in Tehran. She is a confident yet angry girl who is projecting her inner struggle by outwards aggression towards her tutor, her fianc\u00e9 and her brother and she is on the verge of a nervous breakdown or a mental suicide. An old sufi book by the name of \"solook\" helps take her on a journey to find herself and discover who she really is. Her brother helps her accomplish this goal.\n"}