{"wikiId": "5747371", "titre": "Jaani Dushman", "dateSortie": "1979-05-22", "duree": "162.0", "genre": ["Drama", "Horror", "World cinema"], "resume": "Jwala Prasad is to marry the girl of his dreams. On the day of the marriage, she is dressed all in red, as is the tradition in India. Just before the wedding she slips off to meet her real lover. When Jwala finds out, he is so enraged that he turns into a monster and kills both the to-be bride and her male friend. The saga does not end here, and this monster continues to terrorize the region, first abducting brides dressed in red just before the wedding procession stops at a Mandir . When a to-be groom finally confronts and kills the monster, it leaves the body of Jwala Prasad and possesses the body of its killer. And the terror continues. Years later another male has now killed this creature, and the monster has re-possessed its body, and it is again on the rampage. The police and men of this region do confront this creature, but find out it is invincible, a bhoot comes after every marriage and a song chalo re doli utthao khaar piya milan ki raat aayi bullets cannot harm it, nor can physical strength of fully grown men overpower it. The suspense mounts as one by one the brides are killed and no one seems to have a clue, and everybody seems to be suspect, including the village Poojari, the Thakur, his son, and several other people. Even if they do manage to kill this creature, it will simply re-possess the body of another male, and continue on its gruesome task. This was a multi star box office hit of 1979, all of the songs of this film became hits. Censorship banned this movie since 1976 but later released it with an A-certificate.\n"}