{"wikiId": "6528803", "titre": "Black Dragons", "dateSortie": "1942-03-06", "duree": "64.0", "genre": ["Science Fiction", "Black-and-white", "Spy"], "resume": "It is prior to the commencement of World War II, and Japan's fiendish Black Dragon Society is hatching an evil plot with the Nazis. They instruct a brilliant scientist, Dr. Melcher, to travel to Japan on a secret mission. There he operates on six Japanese conspirators, transforming them to resemble six American leaders. The actual leaders are murdered and replaced with their likenesses. Dr. Melcher is condemned to a lifetime of imprisonment so the secret may die with him.\n"}