{"wikiId": "1560455", "titre": "My Sassy Girl", "dateSortie": "2001-07-27", "duree": "", "genre": ["Romantic comedy"], "resume": "Plot|date Part one  Part two  Overtime  During the two-year span, Gyeon-woo works hard to improve himself, writing My Sassy Girl movie script after he details their love affair on the Internet. When the agreed upon date arrives, he travels to the mountain but the Girl does not show up. Eventually, he opens the time capsule and reads her letter and learns the root of her angst and behavior: Gyeon-woo reminds her of her previous boyfriend who, rather than breaking up with her, actually died before she met Gyeon-woo. All through the time the Girl and Gyeon-woo were seeing each other she had been seeing her dead boyfriend's mother, who wants to introduce her to a nice young man. A year after Gyeon-woo visits the tree, the Girl finally arrives. Sitting under the tree is an old man. During their conversation the old man reveals the secret of the tree, that it is not the same tree; the original tree had been struck and killed by lightning a year before and a similar tree had been planted by a young man so that his someone special would not be sad. After the girl reads his letter, she tries to call Gyeon-woo repeatedly, but was unable to contact him. At lunch with her deceased boyfriend's mother after a year later, the mother introduces her nephew - who turns out to be Gyeon-woo, whom she has been trying to introduce to the Girl for years. The mother, who is Gyeon-woo's aunt, tells the Girl to go out with him, hoping that he could make life easier for her. She tells Gyeon-woo that the Girl can give advice to him about his impending trip to England, to which he replies, \"I don't have to go anymore\".\n"}