{"wikiId": "33415828", "titre": "Crayon Shin-chan: The Storm Called: Operation Golden Spy", "dateSortie": "2011-04-16", "duree": "107.0", "genre": ["Anime", "Animation"], "resume": "A girl named Remon suddenly appears. She shows Shinnosuke a message which is sent from Shinnosuke's hero action mask. Shinnosuke totally believes Remon and they start spy training together. They duo become action spies and finally get a mission from the action mask. That mission is \".. the doctor of evil stole my precious capsule. Take it back\".\n"}