{"wikiId": "1160412", "titre": "Rambo III", "dateSortie": "1988", "duree": "102.0", "genre": ["Thriller", "Action/Adventure", "Action Thrillers", "Action", "War film"], "resume": "Colonel Sam Trautman returns to Thailand to once again enlist the help of Vietnam veteran John J. Rambo. After witnessing Rambo win a stick fighting match, Trautman visits Rambo at a Buddhist temple under construction and asks Rambo to join him on a resupply mission for mujahideen rebels in Afghanistan. Despite showing him photos of civilians suffering under Soviet military intervention, Rambo refuses and Trautman proceeds with the mission. Soviet forces ambush Trautman's convoy, capture him, and send him to a mountain base to be interrogated by Colonel Zaysen and his henchman Kourov. Rambo learns of Trautman's capture from embassy field officer Robert Griggs and convinces the official to take him through a clandestine operation. Rambo immediately flies to Peshawar, Pakistan and coerces arms supplier Mousa Ghanin to bring him to Khost, a village in the North-West Frontier which is actually close to the Soviet base where Trautman is jailed. The mujahideen in the village, led by chieftain Masoud, are already hesitant to help Rambo in the first place, but are definitely convinced not to help him when their village is attacked by Soviet helicopters after one of Mousa's shop assistants tips off the Soviets. Aided only by Mousa and a young boy named Hamid, Rambo makes his way to the Soviet base and starts his plan to free Trautman. The first attempt is unsuccessful and Hamid and Rambo are wounded in the process. After escaping from the base, Rambo tends to Hamid's wounds and sends him and Mousa away to safety, before cauterizing his own wound. Rambo recovers and infiltrates the base again the following day, just in time to rescue Trautman from being tortured with a flamethrower. He and Trautman rescue several other prisoners and hijacks a Hind helicopter to escape the base. However, the helicopter is damaged as it departs and soon crashes, forcing Rambo and Trautman to continue on foot. Zaysen sends Kourov and a Spetsnaz team against the two, who easily eliminate them in a cave. As Rambo and Trautman try to make their way to Pakistan, Zaysen blocks them with a large mechanized force and orders them to surrender. However, Masoud's mujahideen forces attack the Soviets in a cavalry charge. In the ensuing battle, in which both Trautman and John are wounded, Rambo manages to kill Zaysen by driving a tank into the Soviet colonel's helicopter. Rambo survives the explosion and gets out of the tank. At the end of the battle, Rambo and Trautman say goodbye to their mujahideen friends and leave Afghanistan to go home.\n"}