{"wikiId": "19311240", "titre": "The Love God?", "dateSortie": "1969-08", "duree": "101.0", "genre": ["Satire", "Comedy"], "resume": "Abner Peacock's beloved bird-watcher's magazine, The Peacock, is in financial crisis. Desperate to stay afloat, Abner takes on a new partner, Osborn Tremain , who has an agenda of the own: to publish a sexy gentleman's magazine, which he can only do by taking over Abner's, since he has been convicted too often of sending obscene material through the mails. Before the hapless bird-watcher can stop the Tremains, the first issue sells over 40 million copies, and Abner becomes the unwilling spokesman for First Amendment rights. Swept up in adulation, the unwitting playboy quickly begins settling into the swinging bachelor lifestyle. Some have described the film as a quirky comedy, while others considered it a remarkably precognitive satire, featuring the loveable actor at his best.\n"}