{"wikiId": "8857076", "titre": "Three Monks", "dateSortie": "1982-02", "duree": "20.0", "genre": ["Short Film", "Chinese Movies", "Animation"], "resume": "A young monk lives a simple life in a temple on top of a hill. He has one daily task of hauling two buckets of water up the hill. He tries to share the job with another monk, but the carry pole is only long enough for one bucket. The arrival of a third monk prompts everyone to expect that someone else will take on the chore. Consequently, no one fetches water though everybody is thirsty. At night, a rat comes to scrounge and then knocks the candleholder, leading to a devastating fire in the temple. The three monks finally unite together and make a concerted effort to put out the fire. Since then they understand the old saying \"unity is strength\" and begin to live a harmonious life. The temple never lacks water again.China Org. \"China Org.\" \"Three Monks Storyline.\" Retrieved on 2007-01-10.\n"}