{"wikiId": "20872882", "titre": "Gabby's Diner", "dateSortie": "1961-03-28", "duree": "", "genre": ["Short Film", "Family Film", "Animation"], "resume": "Gabby Gator , living in the Everglades, is suffering from utter starvation. Upon looking in the sky, he sees Woody Woodpecker happily flying overhead. Gabby takes out a shotgun and fires at the woodpecker and misses. Woody, however, sees Gabby's sign advertising the \"Fryer's Club Hotel\" and decides to satisfy his curiosity. The conniving alligator convinces Woody that his home is a luxury hotel, and sends the woodpecker up to \"Room 350\" . Woody begins to sweat profusely and requests \"room service\" by asking that ice be sent up. The ice manages to bring the stifling temperature down, eventually turning the oven off. Gabby then advises Woody that his hotel likes to tuck their guests in at night. In reality, Gabby puts Woody in a baking pan, and places dough on top of him. Woody catches on to this plan, and replaces the standard dough with Quick Rise Baking Powder. Unaware, Gabby bakes the pie, sending the rising dough high above his home, eventually splattering all over southern Florida.\n"}