{"wikiId": "26024589", "titre": "Troublesome Night 5", "dateSortie": "", "duree": "89.0", "genre": ["Horror"], "resume": "This film contains three short stories. The first is about a taxi driver who picks up five different passengers: a gang boss, a fake ghost, a mysterious old woman, an edgy lady and a real ghost. The second story is about a family who moves to a new home, which turns out to be haunted. The phantom is responsible for the family's sudden increase in wealth but also for their uneasiness. The third story is about a night shift security guard who encounters strange events.\n"}