{"wikiId": "883437", "titre": "Shallow Grave", "dateSortie": "1994", "duree": "92.0", "genre": ["Thriller", "Crime Fiction", "Indie", "Psychological thriller", "Suspense", "Crime Thriller", "Black comedy"], "resume": "David , a chartered accountant, Juliet , a doctor, and Alex , a journalist, are three friends who share a flat in Edinburgh. They need a new flatmate and, after a sequence of interviews, in which unwanted applicants are rejected with calculated cruelty, they take in the mysterious Hugo (Keith Allen . When Hugo suddenly dies of a drug overdose, they discover that he has a very large amount of cash in a suitcase. The three decide to keep the money and to dispose of Hugo's corpse in the titular shallow grave.\n"}