{"wikiId": "3306716", "titre": "Tremors 3: Back to Perfection", "dateSortie": "2001-10-02", "duree": "104.0", "genre": ["Science Fiction", "Horror", "Comedy horror", "Creature Film", "Action/Adventure", "Comedy", "Action", "Horror Comedy"], "resume": "Local resident and adventurer Burt Gummer comes home to Perfection from a successful, international Graboid/Shrieker hunt ending in Argentina, only to find that life in the town has returned to normal, with some of the locals even letting their graboid tracking equipment fall into disuse. The new owner of Walter Chang's general store is Walter's niece Jodi, and a thrill-seeker named Jack Sawyer has set up a \"Graboid Tour\" featuring a faked attack by the creatures. Melvin Plug, now a still-obnoxious-would-be land developer, is attempting to contract housing estates around the town. After a small earthquake, Jack Sawyer's assistant is eaten by a Graboid while conducting a tour and it is discovered there are three new Graboids in Perfection. Burt quickly organizes a search and destroy party composed of local residents but a team of meddling scientists arrives, sent by the US government when Nancy Sterngood contacted the authorities. Burt is forced to disband the hunting party, but he still tries to lure one of the monsters, an albino dubbed \"El Blanco\", onto his property so he can kill it in \"self-defense\". Faced with the prospect of his property being confiscated using eminent domain, Burt reluctantly agrees to help the government scientists capture a live graboid. The first hunting expedition does not go well however and Burt is swallowed alive by a graboid, however he survives by hiding inside an oil barrel. Jack lures it to Burt's compound, where it runs into a concrete barrier  and then uses a chainsaw to cut it open and rescues Burt. Meanwhile, the government scientists have gone hunting the graboids on their own and are killed when they are ambushed by shriekers; the graboids have metamorphosed into the next stage in their life cycle. Burt organizes another search and destroy party, this time to hunt down the shriekers before they can multiply. They trail the shriekers to a box canyon but are trapped by El Blanco, which seems to be a mutant without the ability to metamorphose. When they finally free themselves, the shriekers are gone and have been replaced by hitherto unknown winged beasts who become airborne by blasting jets of flames from their rear. As the creature flies in to attack, it knocks Miguel, an original survivor from the first movie off the cliff, killing him. He is not eaten, however. The creature crashes on a fence, killing it, and watching fluids from its body ignite, the group realizes it mixes its stomach acid with another chemical to achieve explosive flight, and Jodi dubs them \"ass-blasters.\" They also learn that the ass-blasters use infra-red vision, just as the shriekers do. The hunting party retreats to Burt's home, holding a mattress over them to hide their body heat. They are safe in Burt's basement until they hear sounds of an ass-blaster overhead, and Burt realizes that although he had taken every conceivable precaution against graboids and shriekers; he did not account for the possibility of an aerial attack. An ass-blaster crashes through the ceiling and the hunting party is forced to use Burt's emergency escape tunnel. Fearing the ass-blaster will produce more ass-blasters if it gets to the food stocks, Burt places jugs of unleaded gasoline against the door, blowing up his entire compound when the ass-blaster attempts to melt through the door. Meanwhile, attacked in Jodi's store by a lone ass-blaster, mother and daughter Nancy and Mindy Sterngood accidentally discover that once it is satiated with food, instead of engaging in asexual reproduction like a Shrieker it enters a comatose state, allowing them to capture it. They radio Burt of the discovery, much to his dismay, as he realizes the cruel irony that he blew up his own compound, when the food would have made it harmless. The explosion attracts the other ass-blasters, forcing the party to escape to a nearby junkyard, rolling Burt's boat down hill, and using a tarp to block their body heat. However another ass-blaster sees them and alerts the rest, forcing them to hide in an out house, while the others arrive and roam the yard. Jack comes up with an idea to create an improvised potato gun like weapon, reasoning that if they hit them with something hot, the chemicals inside will cause the ass-blasters to explode. They split up to search for parts, and Jodi kills one, trapping it in a storage create filled with gas. They find parts and assemble the weapon inside Nestor's  old trailer, and use liquor inside as gunpowder. They launch flaming arrows and manage to kill the ass-blasters, but El Blanco shows up. Burt realizes that the ultrasonic signal from his watch has been attracting him, saying that it always knows where he is. El Blanco tips the trailer causing Burt to fall out and get stuck to the springs of a mattress, trapping him. Jack takes Burt's watch to lure El Blanco away, while Jodi tries to free Burt, however an ass-blaster they had believed dead before appears nearby. Jodi prepares to fight it off with a shovel to defend Burt, but Jack wraps Burt's watch in duct tape and throws it at the ass-blaster, sticking it. El Blanco chases the ultrasonic sound, causing it to eat the ass-blaster. In the epilogue, Nancy and Mindy sell the captive ass-blaster to a circus-group in Las Vegas, led by \"Sigmund\" and \"Ray\"--a reference to Siegfried & Roy. Burt is sitting on a rock driving an RC car around, leading El Blanco when Melvin arrives and tries to talk Burt into convincing everyone into selling their land, but is frightened by El Blanco, telling Burt to kill it. Burt informs him that El Blanco has been declared by the federal government to be an endangered species, foiling Melvin's plans for a housing project. The long-time residents have taken appropriate precautions allowing them to coexist with El Blanco and keep their homes. Burt leaves Melvin trapped on a small rock with El Blanco circling, Melvin cursing Burt as he drives off.\n"}