{"wikiId": "34717305", "titre": "The Stranger Wore a Gun", "dateSortie": "1953-07-30", "duree": "83.0", "genre": ["Western"], "resume": "Jeff Travis , a former spy for Quantrill's Raiders, rides to Arizona to start a new life. Finding that his reputation has preceded him, crooked Jules Mourret  hires him to monitor a series of gold shipments, in preparation for a major robbery. Travis falls in love with Shelby Conroy , daughter of freight-line operator Jason Conroy , and decides to turn honest.\n"}