{"wikiId": "9208103", "titre": "Condemned to Live", "dateSortie": "1935", "duree": "66.0", "genre": ["Thriller", "Mystery", "Horror", "Black-and-white"], "resume": "The film opens with a trio of explorers in Africa who are hiding in a cave. One of the explorers, a pregnant woman, is bitten by a vampire bat. The film then cuts forward in time to a small European village where a series of mysterious murders are taking place. The villagers readily assemble in mob form, with torches, at the house of Professor Kristan  after every murder. The villagers suspect that a giant bat is to blame for the murders. Kristan gives the villagers advice on staying safe, and assures them a scientific explanation exists. However, in subsequent scenes, Kristan himself is revealed to be the murderer. He is seized by attacks  which transform him into a trance-like state of murderousness. After he commits a murder, he awakens from the trance with no memory of the deed, believing himself merely to have fainted. Kristan's obliviousness is further enabled by the intervention of his loyal hunchback Zan, the only person aware of Kristan's condition. Zan follows Kristan when he is in his trances, ensuring the professor is not discovered. An old friend of Kristan's named Dr. Bizet arrives to visit, and soon suspects what is happening. Bizet discloses to Kristan that his mother was bitten by a vampire bat, and that traits of vampirism have likely been passed down to him per Lamarckism.  After Kristan's fiance  is attacked by an entranced Kristan, the mob of villagers assumes Zan is culpable and chases him to the edge of a cliff inside a cave. Kristan arrives and confesses to the murders, despite Zan's protestations  that he, the hunchback, is in fact the murderer. As the mob watches, Kristan throws himself over the edge of the cliff and Zan follows.\n"}