{"wikiId": "19399059", "titre": "Anniversary Trouble", "dateSortie": "1935-01-19", "duree": "20.0", "genre": ["Short Film", "Family Film", "Comedy", "Black-and-white"], "resume": "Spanky's appointment as treasurer of the Ancient and Honery Order of Woodchucks occurs on the same day as his parents' wedding anniversary. Absent-minded as usual, Spanky's father  inadvertently hands over the Woodchucks' treasury as an anniversary present for his wife . Meanwhile, Spanky accidentally gets hold of the real anniversary money, and, mistaking it for the treasury, hides it in the cookie jar\u2014an act witnessed by his Mom, who jumps to the wrong conclusion. She takes that money and shows it to Spanky's father who also jumps to the wrong conclusion. Spanky is looking for the money and cannot find it. Minutes later, the other Woodchucks demand the return of their \"dough,\" since the club has broken up, but Spanky cannot accommodate them. Spanky's father calls the maid/nanny and tells her to send him to his dad's office for punishment immediately. Spanky is unable to leave because the gang is blocking the exits out of his house. Spanky then tries to sneak out by painting himself in blackface and dressing up like Buckwheat, the maid/nanny's daughter. That plan is also foiled and then Spanky's parents return home. Spanky then finds the anniversary money and puts it in his back pocket. His father gets ready to spank Spanky and realizes he made a mistake. So his mother thinks the spanking is being carried out and can remain unaware of the mistake, Spanky's father has Spanky spank him instead and has Spanky make the groaning noises. Spanky's mother though catches them leading to a wild and wooly conclusion wherein Spanky's dad is duly punished for his faulty memory.<ref namehttp://movies.nytimes.com/movie/225677/Anniversary-Trouble/overview |title2008-09-20|workNY Times}}\n"}