{"wikiId": "11141345", "titre": "The Seven Minutes", "dateSortie": "1971", "duree": "115.0", "genre": ["Drama", "Erotica"], "resume": "After a teenager who purchased the erotic novel The Seven Minutes is charged for rape, an eager prosecutor who is against pornography  uses the scandal to declare the book as obscene and brings charges against the bookstore. The subsequent trial soon creates a heated debate about the issue of pornography vs. free speech. The young defense lawyer must also solve the mystery of the novel's true author.\n"}