{"wikiId": "20357879", "titre": "Christmas Under Fire", "dateSortie": "1941", "duree": "10.0", "genre": ["Short Film", "Documentary"], "resume": "The film shows Christmas 1940, in the middle of the Blitz. Christmas traditions are depicted in juxtaposition with a wartime backdrop: Christmas trees are dug up for air raid shelters; housewives buy food for the Christmas dinner; theatres stage pantomime productions; schoolchildren produce handmade Christmas cards. People are shown celebrating Christmas while sheltering in the London Underground, accompanied by a carol sung by the choir of King's College, Cambridge.\n"}