{"wikiId": "23666562", "titre": "Il magnifico cornuto", "dateSortie": "1965", "duree": "124.0", "genre": ["Sex comedy", "Comedy"], "resume": "The Magnificent Cuckold is about a hat tycoon who is ecstatically, if not hungrily, in love with his youthful wife. It is all blissful, that is, until our man, middle-aged and somewhat of a square among his blas\u00e9, upper-class friends to whom cuckoldry is a common practice, is seduced by one of them. At this point doubts and suspicions, like conscience, begin to plague him. If he could succumb to extramarital confections, why not his gorgeous mate? Quickly his love for his spouse degenerates beyond obsessive, into the realm of maniacal. He becomes madly concerned that his wife is cheating on him --even though she is not being unfaithful. When he looks at her it becomes obvious to him that she is a very attractive woman. And, all the men around her must be dying to be with her. Gnawed by jealously, he will imagine variations on nabbing her and her lover in flagrante delicto.\n"}