{"wikiId": "30244786", "titre": "Mirapakaay", "dateSortie": "2011-01-12", "duree": "", "genre": ["Romance Film", "Action", "Drama", "Tollywood"], "resume": "Rishi  is an inspector in the Intelligence Bureau. His colleagues fondly call him 'Mirapakaay'. The chief of the IB, Narayana Murthy  gets information that Kittu Bhai , a mafia don, is trying to spread his tentacles in India and is targeting Delhi first. During the course of the investigation, ACP  is killed by Shankar , a local goon with the help of his son . Murthy sends Rishi to Hyderabad and gets him admitted to a college as a Hindi lecturer as part of an undercover operation. Rishi meets Vinamra  at a temple & falls in love at first sight. Incidentally, she studies in the same college and in the same class to which Rishi teaches Hindi. Their love blossoms. At this juncture, Vaishali , daughter of Kittu Bhai, joins the same college. Grabbing the opportunity, the IB chief asks Rishi to extract information about Kittu from Vaishali. Rishi manages to make Vaishali fall for him and using her, He reaches Kittu after killing Shankar and his son. He finally arrests Kittu and his Gang and completes an interrogation with Vaishali. The film ends with Rishi convincing an angry Vinamra to marry him.\n"}