{"wikiId": "15055389", "titre": "Charlie Chan in Egypt", "dateSortie": "1935", "duree": "73.0", "genre": ["Thriller", "Detective fiction", "Horror", "Detective", "Black-and-white", "Mystery", "Crime Thriller"], "resume": "Charlie Chan is hired when an archaeologist disappears during the excavation of ancient art treasures in Egypt. Charlie must sort out the stories of the archaeological team, deal with the crazed son of the missing scientist, find out why priceless treasures are ending up in the hands of private collectors, and battle a raft of seemingly supernatural events.\n"}