{"wikiId": "8673346", "titre": "The Sorrows of Satan", "dateSortie": "1926-10-12", "duree": "111.0", "genre": ["Silent film", "Fantasy", "Romantic fantasy"], "resume": "Adolphe Menjou stars as Prince Lucio de Rimanez, who is in fact really Satan assuming a human form. When struggling writer Geoffrey Tempest  is moved to curse God for his misfortunes, Prince Lucio makes a sudden appearance, informing Tempest that he has inherited a fortune. The only proviso is that Tempest must place his fate entirely in the Prince's hands. As he ascends to the uppermost rungs of European society, Tempest is ordered by Lucio to marry Russian Princess Olga, even though the writer still loves his sweetheart Mavis Claire. Eventually, Prince Lucio reveals his true identity, but not before Olga has committed suicide. After rejecting the Devil and all his false promises, Tempest lives happily ever after with Mavis.\n"}