{"wikiId": "16672614", "titre": "Hardbodies", "dateSortie": "1984-05-11", "duree": "86.0", "genre": ["Sex comedy", "Softcore Porn", "Comedy", "Adult"], "resume": "Scotty Palmer  is portrayed as a down on his luck con man who gets kicked out of his home. Scotty soon finds three older divorcees who have a lot of money, however they do not have a trait that Scotty possesses, moxie with women. They agree to let Scotty stay with them at their beach house, if he returns the favor by teaching them how to pick up women. Scotty shows them how to \"dialog\" women by giving them a dose of the old BBD . Along this journey, Scotty loses his playboy ways and falls in love with Kristi . Kristi, knowing Scotty's playboy past, puts up with his ups and downs early on in the movie but later insists that he change his ways. Scotty recognizes that Kristi is ultimately more important than the empty life he has led up until now and changes his ways.\n"}