{"wikiId": "7671792", "titre": "Bring Me the Head of Charlie Brown", "dateSortie": "1986", "duree": "4.0", "genre": ["Short Film", "Parody", "Comedy film", "Action", "Animation"], "resume": "The short film is a faux trailer for another forthcoming Peanuts television special, and parodies the aforementioned series of Peanuts specials. The \"special\" is said to be due for broadcast on Tuesday night at 8.00pm, and was sponsored by a foods company called \"Madison Barns, makers of ding-dongs, swinkies, poop tarts and wussy cakes\". The Great Pumpkin puts a bounty on Charlie Brown's head, prompting the entire Peanuts cast to try to kill him. Lucy tries to get Charlie Brown to kick a bomb disguised as a football, Schroeder dumps his  piano on Charlie Brown's head, Snoopy bites off his hand , the Kite Eating Tree falls on him, and Linus strangles him with his blanket . Finally tired of running, Charlie Brown suddenly dons a mohawk and arms himself with a pump action shotgun, a submachine gun, and an M16 Assault Rifle. Announcing that \"Happiness is a warm uzi\", in a thick Germanic accent reminiscent of Arnold Schwarzenegger, he systematically kills off the entire Peanuts cast one by one. The film then goes on a strange montage in which Charlie Brown guns down everyone in his way: scores of Mexican bandidos, a Wehrmacht machine gun nest behind which Adolf Hitler is painting a picture, and a man exercising . This is followed by his innocent sister, Sally, being decapitated by gunfire. Following this is a montage of a small dragon breathing flame, Pig Pen vomiting profusely in Violet's face, two biplanes colliding in midair, Dagwood Bumstead getting kicked in the groin by his wife, Blondie, which causes his head to pop off, resulting in another blood gush, Mickey Mouse getting hit over the head by a lead pipe, Rocky Balboa getting punched in the face by Popeye, and Godzilla squeezing Dr Pepper out of a giant soda can. It ends with a cigarette smoking Charlie Brown in bed with the Little Red-Haired Girl , who asks Charlie Brown to turn off the bedroom light.Bring Me The Head of Charlie Brown! The song \"Charlie Brown\" by The Coasters plays over the ending credits . The credits end with a note from Jim Reardon: \"The creator of this picture wishes to state that he does not in any way wish to tarnish or demean the beloved characters of Charles M. \"Dutch\" Schultz's comic strip, \"Peanuts\". No malice or damage to their goodwill was intended. So please don't sue me, because it will drag through the courts for years, and I haven't got a lawyer - and besides, you've already got half the money in the world, and I haven't got any. OK?\"\n"}