{"wikiId": "3872275", "titre": "Marking Time", "dateSortie": "2003", "duree": "230.0", "genre": ["Romantic drama", "Drama"], "resume": "An Afghan father and his daughter, Randa , arrive in Australia to escape the Taliban. At school Randa is teased for her religion and wearing a hijab. The main character who finished secondary school the previous year, Hal  begins to feel sorry for her and over a course falls in love with her. Although her father initially allows them to date, there is a lot of tension with their culture differences . Soon after the September 11th attacks, Randa's father's house is destroyed by an intentionally lit fire. Hal's father  offers them shelter in his house. Later that night, Randa, afraid, sneaks into Hal's room seeking comfort. The two sleep together and are later found in bed by her father. Upset by what has happened, he leaves and refuses to let Hal see Randa. Hal and Randa continue to see each other in secret, Randa admitting she 'did not regret' what she did with Hal. Eventually their refugee status is rejected and they are ordered to return. Hal and his father try valiantly to think of a way to keep them there, but come up empty handed. Finally Hal, decides that he loves Randa and offers to run away from the law with her. He tells his plan to his father who initially disapproves, but after seeing how much they love each other, allows. He also tell Randa's father, who is initially reluctant. Hal promises to take care of her and her father agrees, realising that Randa will be deported with him unless she leaves. Randa is initially reluctant to leave her father, but ultimately agrees. They leave on the night of Randa's deportation. Stopping off in a hotel room, they make love tenderly one last time. When Hal awakes, Randa is gone. She leaves him a note explaining she can not leave her father or get him or her father into trouble. He returns, but is too late as he sees Randa and her father on a bus for deportation. Eventually he decides to go overseas to look for her. He uses the money his mother left to him to buy a plane ticket and the series ends with Hal unsure about what will happen in his search for his love.\n"}