{"wikiId": "22607491", "titre": "Red Jacket", "dateSortie": "1998", "duree": "45.0", "genre": ["Documentary"], "resume": "The documentary charts the life of Tretchikoff, featuring contributions with public figures and Tretchikoff himself. The documentary is titled Red Jacket, Tretchikoff memorably recalled his war-time lover and muse, Lenka wearing a red jacket when first meeting her. She would later pose as the model in his painting titled Red JacketLady in Green Sunday Times. 22 August 2002\n"}