{"wikiId": "6484887", "titre": "Gimme an 'F'", "dateSortie": "1984", "duree": "90.0", "genre": ["Drama", "Comedy", "Teen"], "resume": "The plot centers on a competition between high-school cheerleading squads - and one squad in particular, the Moline Ducks, is poor. The competition takes place at a camp run by middle-aged Bucky Berkshire aka Dr. Spirit , who this year decides to place a bet with his best instructor Tom Hamilton  that he cannot make the woeful Ducks into a team that can beat the top-rated Falcons. If Berkshire loses, he pays up $10,000, and if Hamilton loses, he has to work another five years at the camp. Bucky Berkshire actually cannot stand Hamilton's antics, or his sexual but successful way of motivating the cheerleaders. However, a visiting group of wealthy Japanese businessmen will not finance Bucky's latest business plan without Hamilton on board to teach the cheerleaders. Thus, there is an ulterior motive behind Bucky's wager. As the teams get ready for their rounds of competition, several dance sequences, various teen pranks, and the usual sexual situations common in teen comedies weave their way through the storyline.\n"}