{"wikiId": "27237642", "titre": "The Crimson City", "dateSortie": "1928-04-07", "duree": "", "genre": ["Silent film"], "resume": "The story centers on an Asian woman named Onoto , who is rescued from slavery by a fugitive of European ancestry named Gregory Kent . They fall in love, but prevailing mores about race doom the romance. Onoto leaves Kent so that he may marry another . The film was released by Warner Brothers Pictures on 7 April 1928.http://www.imdb.com/title/tt0018804/ The only known surviving copy is kept at the Museo del Cine in Buenos Aires, Argentina.http://www.nytimes.com/2010/05/05/movies/05metropolis.html A trailer for this film survives among the holdings of the Library of Congress.http://www.silentera.com/PSFL/data/C/CrimsonCity1928.html Accessed 2012-08-07\n"}