{"wikiId": "7889520", "titre": "Shwaas", "dateSortie": "2004", "duree": "107.0", "genre": ["Art film", "World cinema", "Family Drama", "Musical", "Drama", "Medical fiction", "Bollywood"], "resume": "An old villager  brings his 8-year-old grandson Parshuraam  to a doctor in Mumbai to diagnose the child's eyes. They are accompanied by child's maternal uncle Diwarkar. On the first day Vichare is asked to sign usual papers before admission in hospital. Upon asking, he learns that the papers say the doctor would not be responsible if anything goes wrong. Vichare, the rustic grandfather finds these terms unacceptable. A medical social worker named Asawari who is present there, quickly comes in and explains the practice to Vichare. She calms down Vichare and accompanies them during the first appointment with the doctor. Dr. Sane quickly diagnoses child as a victim of retinoblastoma &mdash; a rare retinal cancer. After consulting with other colleagues in US and UK doctor finds that only way to save child's life is to perform an operation that will leave the child blind. As per rule, doctor explains this and insists child be informed of this before surgery. He cannot be operated without this knowledge as it was against ethics. Asawari  who helps the doctor in convincing the grandfather and the grandson, tries to keep track of Vichare and persuades him not fall prey to other doctors promising false medicines. She tries to befriend Parshya in order to explain him what is going to happen. However, she finds it is too difficult to explain to him that he will turn blind. The film then depicts the grandfather's struggle to accept the reality that the only way to save his grandson is at the cost of his eyesight. He tries various ways to come to terms with the situation and his personal agony is shown in scenes, like taking second opinion, explaining his grandson the reality and his desire to show him everything possible before his grandson loses his eyesight. For some reason, the surgery has to be postponed by a day. That afternoon, grandfather and grandson disappear from the hospital ward and a frantic search follows. Confronted by an angry surgeon on their return, the grandfather states quite simply that he wanted to show Parshya the sights of the city for one last time. Shwaas has been applauded for scenes which depict the difficulty faced by the doctors to explain to grandfather and Parshya that nothing can be done and the truth is but inevitable. It shows the medical fraternity in a very positive light, with the doctors and nurses being extremely supportive and doing the best they can, and helping the village with the best facilities. The last shot where Parshya returns home wearing dark glasses, waving to his family and friends from the boat was widely appreciated by film critics.\n"}