{"wikiId": "25193383", "titre": "The Last Mile", "dateSortie": "1932-08-17", "duree": "75.0", "genre": ["Crime Fiction", "Drama"], "resume": "The movie presents the life in a prison where men are on a death row. Some of them are wrongfully accused and convicted, there is nothing else in their future but the electric chair. Richard Walters is condemned to death for crime he claims he never committed. While the drama inside the prison unfolds, his friends on the outside are trying to find evidence that he is innocent.Review Summary of \"The Last Mile\", New York Times A clip from this film was used by progressive rock band Rush as their intro to the song \"Lock and Key\" during its performance on the \"Hold Your Fire\" tour, later released on the \"Show of Hands\" laserdisc.   \n"}