{"wikiId": "27909940", "titre": "First Strike", "dateSortie": "1979", "duree": "", "genre": ["Documentary"], "resume": "The documentary is divided into two main segments. The first section of the film is a dramatization of a sneak attack by Soviet Union nuclear weapons against the United States. The premise of the attack is based on Soviet nuclear submarines approaching the United States west coast undetected and launching a barrage of missiles at ICBM silos and B-52 bomber bases, while other Soviet forces manage to destroy a number of U.S. ballistic missile submarines at sea. In the film, by the time Strategic Air Command realizes what is happening, over 80% of U.S. strategic forces have been destroyed and the President of the United States is forced to surrender to the Soviet Union. American casualties are stated to be eight million dead - this \"low\" number is due to the Soviet attack hitting military bases instead of cities. The second portion of the film is a series of interviews where analysts discuss American security and the ability of the Soviet military to attack with little to no warning.\n"}