{"wikiId": "8267687", "titre": "Spy Smasher", "dateSortie": "1942-04-04", "duree": "215.0", "genre": ["Thriller", "Melodrama", "Adventure", "Black-and-white", "Drama", "Action", "Spy"], "resume": "Spy Smasher is a costumed Vigilante acting independently of the US while it remains out of World War II. After discovering information about Nazi activities in occupied France he is captured and executed. However this is faked and he escapes back to the US, meeting with his twin brother Jack  and Jack's fiance. The Nazi agent in the US is The Mask, operating from a U-Boat near the coast. The Mask's attacks on the US begin with an attempt to flood the country with forged money and destroy the economy. When this is defeated, he continues with other attacks including destroying planes, oil and munitions intended for Britain. Constant defeats at the hands of Spy Smasher, with support from Jack Armstrong and Admiral Corby, also leads the villain to take the fight back to the masked hero. In the end, the villain is killed aboard his own U-Boat in a sea of flaming oil. However, Spy Smasher's brother Jack Armstrong was also killed by the Nazis earlier in the serial.\n"}