{"wikiId": "20555320", "titre": "Nakhashathangal", "dateSortie": "", "duree": "", "genre": ["Romantic drama"], "resume": "The story is about Ramu , a 16-year-old boy who is staying with his annoying uncle, who gets angry and often treats Ramu like a slave. On a trip to the pilgrim town of Guruvayoor with his uncle , Ramu meet 15 year old Gouri , who has come with her grandmother. Both find love, and after sharing a few tender talks and moments depart without a clue that they will meet again. When back Ramu runs away from his uncle and lands up in the city with his neighbor. As fate would have it, Ramu and Gouri meet again. Good conduct and intelligence of Ramu gets noticed and he is asked by a lawyer to stay in the house, where Gauri is a maid. The lawyer's deaf and dumb daughter Lakshmi  gets attracted to Ramu and the lawyer fixes the marriage without asking Ramu. The triangle love story leads to a sad ending.\n"}