{"wikiId": "4219088", "titre": "Gregory's Two Girls", "dateSortie": "1999-10-15", "duree": "116.0", "genre": ["Comedy of Errors", "Comedy-drama"], "resume": "Eighteen years after the events of Gregory's Girl, Greg Underwood  \u2013 now a 35-year-old English teacher in his former secondary school \u2013 has fantasies about 16-year-old student Frances . His politically motivated lessons inspire Frances and Douglas, another student, to plot to overthrow a businessman they suspect of trading in torture equipment.\n"}