{"wikiId": "30283732", "titre": "Swathi Thirunal", "dateSortie": "1987", "duree": "133.0", "genre": ["Biographical film"], "resume": "The story begins with Gowri Lakshmi Bayi entrusting the four month old Swathi Thirunal Rama Varma to the care of the English East India Company whose representative was Col. Munro. Then it cuts to when Swathi Thirunal is sixteen and takes over the reins of Travancore from his aunt Gowri Parvati Bayi. Swathi Thirunal's biography is then shown against the backdrop of the music that he himself has composed. The movie ends with his death in 1846.\n"}