{"wikiId": "23257913", "titre": "The Two Mr. Kissels", "dateSortie": "2008-11-15", "duree": "86.0", "genre": ["Drama", "Television movie"], "resume": "The film starts with the murder of narrator Andrew Kissel , and is told through a series of flashbacks and documentary interviews, telling the story of how embezzling real estate mogul Andrew and his younger Wall Street broker brother, Robert  met their untimely end. The two men compete for the affection of their disapproving father, and try to one-up each other with Robert marrying social climber Nancy  and having 3 children, while Andrew marries TV news analyst Haley . They can't ultimately cope with their everyday lives and Nancy starts having an affair and kills her husband in Hong Kong, while Andrew starts doing drugs. Nancy is convicted for the murder of Robert and sentenced to life in a Hong Kong women's prison, while Andrew's driver Juan Castillo was arrested for Andrew's murder. Nancy and Robert's daughters are in the custody of his sister, while Haley starts using her maiden name and returned to work.\n"}