{"wikiId": "5555253", "titre": "Underground Comedy Movie", "dateSortie": "1999-05-14", "duree": "92.0", "genre": ["Cult", "Indie", "Comedy"], "resume": "The film mainly consists of skits featuring celebrities in various roles, such as Gena Lee Nolin loudly using the restroom and a superhero named \"Dickman\", dressed in a penis costume who defeats his enemies by squirting them with semen, based on sketches Offer originally performed on a Public-access television show he had hosted. The film went direct to video and consistently rates in IMDB's bottom 100 movies. Lawrence Van Gelder in The New York Times wrote a scathing review of the film, saying the movie \"stands as a monument to ineptitude and self-delusion.\"Lawrence Van Gelder. \"15 Minutes  of Infamy\", The New York Times, May 28, 1999\n"}