{"wikiId": "3649048", "titre": "The Last Hunt", "dateSortie": "1956-04-30", "duree": "108.0", "genre": ["Western"], "resume": "Sandy McKenzie  sets out on his last hunt with his long-time partner, the obsessive Charles Gilson (Robert Taylor . While McKenzie has grown tired of buffalo hunting, Gilson derives a pleasure from his \"stands\" \u2013 killing an entire herd of buffalo at one time. When Gilson chases down and kills an Indian raiding party, he takes an Indian woman and her child captive. The presence of the native woman causes tension and Gilson becomes increasingly paranoid and deranged, leading to a stand-off between the two former partners.\n"}