{"wikiId": "18775696", "titre": "Rules: Pyaar Ka Superhit Formula", "dateSortie": "2003", "duree": "130.0", "genre": ["Romantic comedy", "World cinema", "Musical", "Drama", "Comedy", "Romantic drama", "Romance Film", "Bollywood"], "resume": "Radha  is employed with an advertising agency, and has a chance to see and meet prominent models. She meets her dreamboat, Vikram Verma , on one such day. Needless to state, she is madly in love with him, but he has eyes for his girlfriend, the gorgeous model, Maggie , only. Radha's attempts to make him notice her are in vain, and in desperation she confides in her grandma , for a solution. Her grandma instructs her to follow a number of simple rules, which will make Vikram notice her. *rule no.1 - If you want him to notice you, don't pay attention to him, no matter how crazy you are about him. *rule no.2 - Let him come after you! *rule no.3 - Always be a surprise, never let him realise that he has fully understood you. *rule no.4- Never let him realise that he has the ability to hurt you emotionally *rule no.5- Praise him for almost everything, so he is comfortable in saying 'I love you'\n"}