{"wikiId": "1858745", "titre": "The New Janitor", "dateSortie": "1914-09-14", "duree": "16.0", "genre": ["Silent film", "Crime Comedy", "Indie", "Black-and-white", "Short Film", "Comedy", "Slapstick"], "resume": "The hero, a janitor played by Chaplin, is fired from work for accidentally knocking his bucket of water out the window and onto his boss the chief banker . Meanwhile, one of the junior managers  is being threatened with exposure by his bookie for gambling debts unpaid. Thus the manager decides to steal from the company. He is caught in the act of raiding the vault by the bank secretary  who rings the downstairs for help. Chaplin comes to the rescue only to be misjudged by the Chief Banker as the thief. The Secretary fingers the manager and Charlie receives a just reward and a handshake for foiling the robbery.\n"}