{"wikiId": "29569873", "titre": "Maisie Was a Lady", "dateSortie": "1941", "duree": "79.0", "genre": ["Romance Film", "Comedy"], "resume": "When wealthy drunkard Robert \"Bob\" Rawlston  loses Maisie her carnival sideshow job as the Headless Woman, he offers her the use of his car to get to town. However, she is pulled over and arrested by a motorcycle policeman who recognizes the automobile. The next day, when Maisie tells her story to the judge, a hung over Bob remembers enough to admit that he probably did lend her the car. The judge orders Bob to hire her for two months at $25 a week, the terms of her previous employment. She refuses to accept money for nothing, but offers to work as a maid at the Rawlston family mansion. Bob hands her over to the head butler, Al Walpole , who has worked for the family for 30 years. When one of the guests, Link Phillips , makes a pass at her the next morning, she disdainfully brushes him off. The other guests are not much better; they ridicule her for her lack of polish. However, Bob's sister, Abigail \"Abby\" Rawlston , apologizes for her friends' rudeness and makes her her personal maid. Maisie learns that Bob and Abby's father, \"Cap\" , has been away frequently. When Cap sends word that he will be unable to attend the announcement of his daughter's engagement, Abby is deeply disappointed. Maisie becomes distressed when she learns that Link is Abby's fiance. Things come to a head when Link's jilted girlfriend and supposedly Abby's friend, Diana Webley , arrives, determined to avenge herself. Abby is devastated when she discovers that Link is only marrying her for her wealth, and that all her so-called friends knew about it and were laughing at her behind her back. She tries to commit suicide. The doctors are none too optimistic; Abby has lost her will to live. When Cap shows up, Maisie gives him a tongue lashing for his neglect of his children. Abby had sought from Link the love and support she did not get from him, while Bob had turned to drink. Seeing the error of his ways, Cap encourages Abby to get well. When Abby is recovered enough, the whole family decides to take a vacation, with Maisie along as Abby's companion. Maisie realizes that she and Bob have fallen in love. For a moment, she cherishes the possibility, then decides that the social gulf between them is too great. She leaves and joins a vaudeville show. Bob tracks her down, overcomes her resistance, and embraces her.\n"}