{"wikiId": "21857490", "titre": "The Street: A Film with the Homeless", "dateSortie": "1997", "duree": "78.0", "genre": ["Illnesses & Disabilities", "Culture & Society", "Biography", "Social issues", "Documentary"], "resume": "For six years, director Daniel Cross followed the lives of brothers Danny and John Claven and Frank O'Malley\u2014three homeless men who spent much of their time in and around a Montreal subway station. Cross became intimately involved with the three men's lives, chronicling the evolution of their years on the street, and their cycles of addiction and recovery, hope and despair. The Street was filmed in a cinema verit\u00e9 style. The Steet was the winner of a Special Jury Award for Documentaries at the Vancouver International Film Festival in 1996 and the People's Choice Award at the 1997 Canadian International Documentary Film Awards in TorontoOfficial text from NFB page of the documentary\n"}