{"wikiId": "21509421", "titre": "Immediate Family", "dateSortie": "1989-10-27", "duree": "99.0", "genre": ["Family Drama", "Drama"], "resume": "The successful couple Linda Spector  and Michael Spector  have been married for ten years and desperately want to be parents. They try to conceive but are unable. They turn to an adoption agency and meet the pregnant 17-year old Lucy . She thinks the couple can provide better for her baby than she and her boyfriend Sam . The Spectors take care of Lucy during her pregnancy and they become close but Lucy becomes uncertain about giving up her baby.\n"}