{"wikiId": "14359212", "titre": "White Bim Black Ear", "dateSortie": "1977", "duree": "182.0", "genre": ["Drama"], "resume": "A touching story about a white Gordon Setter with black ear, who became homeless because of his master's illness. His master, Ivan Ivanovich, a man far from being young, fond of hunting and nature, took a puppy to live with him, despite the dog's black ear being a \"shame of nature\" to his breed. The man always took his dog, whom he called Bim or Bimka, to hunting in country. Later, however Ivan Ivanovich began to have problems with heart and when the disease became worse was taken to a hospital. His dog couldn't bear waiting for the only person that ever cared for him and set out to find his master. Thus began the story of a homeless dog and his many breathtaking and exciting adventures, encounters of many people, kind and evil, and leads to an unexpected and heart-rending end.\n"}