{"wikiId": "292453", "titre": "Longshot", "dateSortie": "2002-03-25", "duree": "92.0", "genre": ["Crime Thriller", "Comedy", "Teen"], "resume": "Alex Taylor and his older brother Jack live in L.A. where Jack is a personal fitness trainer. Jack had an affair with Mitzi Price, a very powerful business man's wife. Her husband, Laszlo Price, then blackmails Jack into going to New York City to get information from Rachel Montgomery, about who she is selling her company to. Jack brings Alex with him to make sure that he will be safe. Jack and Rachel fall in love while Alex falls in love Rachel's daughter Kelly. Eventually Jack tells Rachel why he was sent to New York, and the two work together to bring Laszlo Price down. Rachel needs to have two million dollars in order to not sell her company. Alex wins the money in a halftime contest at a basketball game. They provide information about Laszlo Price to the police, and he is arrested.\n"}