{"wikiId": "3597588", "titre": "Cement", "dateSortie": "1999", "duree": "100.0", "genre": ["Thriller", "Crime Fiction", "Drama", "Indie", "Crime Thriller"], "resume": "Los Angeles vice detectives Bill Holt  and Nin (Jeffrey Wright  have entered the gangster and drug scenes and have allied with drug kingpin Truman Rickhardt . As he tries to stop Holt, Nin narrates the events that led Holt to torture Truman\u2019s brother Sean  by chaining him inside an iron box that's slowly filling with cement. Cops on the take, missing money, Holt's tempting wife Lyndel , dead police officers are implicated in the events.\n"}