{"wikiId": "12213090", "titre": "Traitor", "dateSortie": "2008-08-21", "duree": "114.0", "genre": ["Thriller", "Crime Fiction", "Action/Adventure", "Drama", "Suspense", "Crime Thriller", "Action", "Spy"], "resume": "Samir Horn  is an Arabic-speaking Sudanese-American and devout Muslim. His Sudanese Druze father was killed by a car bomb when he was a child. As an adult, Horn is first seen operating as an arms dealer. While negotiating a deal with Omar  in Yemen he is arrested and thrown into a Yemeni jail. Later, Samir and Omar become friends and when Omar's people arrange an escape, he takes Samir with them. Joining the Islamic Brotherhood, Samir uses the skills he learned as a Special Forces Engineer Sergeant with the U.S. Army Special Forces to bomb the U.S. consulate in Nice, France. The group then devises a plot to place suicide bombers on 50 buses in the U.S. during Thanksgiving. Meanwhile, in London, the Islamic Brotherhood finds out Fareed is being targeted by the FBI and he escapes by a source in the FBI headquarters. It is revealed that Samir is working under deep cover for an intelligence contractor, Carter , with the United States government against terrorism. The FBI agents pursuing him don't know this, and Carter is killed by Omar. Meanwhile, FBI Special Agent Roy Clayton  pursues Samir through numerous countries, resulting in their final confrontation in Halifax, Nova Scotia, Canada. While on board a cargo ship to Marseille, France, Samir learns the identity of Nathir and kills Nathir, Fareed, and when Omar is about to kill him, he tells that he switched the bombers' emails and he placed them all on the same bus so all of them died without victims. Canadian police, with the FBI, breaks in and kills Omar and injures Samir. Later, under an El bridge in Chicago, Samir tells Agent Clayton he feels guilty for killing innocent people. Samir tells Clayton that the Qur'an says that to kill an innocent person is to kill all mankind. Clayton responds by noting that the Qur'an also says that by saving an innocent person, you have saved all mankind, and tells Samir he is a hero.\n"}