{"wikiId": "25888701", "titre": "Foster Daddy, Tora!", "dateSortie": "1980-12-27", "duree": "100.0", "genre": ["Japanese Movies"], "resume": "Tor-san takes care of the teenage daughter of a friend after he dies. He takes the girl to Tokyo where she wishes to study, and becomes worried over her romantic life.<ref name  http://www.kinejun.jp/cinema/id/17004 |title2010-01-21|languageKinema Junpo}}<ref name Stuart |last Stuart Galbraith IV|urlTora-san 26: Tora-san's Foster Daddy  |date2010-01-21|publisherhttp://ftvdb.bfi.org.uk/sift/title/305837|title2010-01-21|publisherBritish Film Institute}}\n"}