{"wikiId": "4881121", "titre": "Circadian Rhythm", "dateSortie": "2005-11-03", "duree": "90.0", "genre": ["Thriller", "Action Thrillers", "Science Fiction", "Action/Adventure", "Mystery", "Martial Arts Film", "Crime Fiction", "Drama", "Action"], "resume": "Sarah L. Caul is 24 years old, attractive, skilled in martial arts, and highly intelligent. When the audience first meets her, she has no idea who she is, where she is from, or how she came to be in a white room, in no discernible location. A familiar melody wakes Sarah from a deep sleep, and she finds herself teaching a history class in the school she attended at age 11. The \u2018school\u2019 is revealed to be a replica, and all of Sarah's books and files are completely blank and empty. Now thoroughly confused, Sarah's assistant principal, Sandrine , explains that Sarah is not a school teacher; rather, she is an assassin, and she has something on her body that Sandrine\u2019s government desires. After a deadly shootout and a high speed chase on a cat-walk, Sarah is intercepted by another \u2018handler\u2019 like Sandrine, who tells her the same story, claiming to be from a different country and a different agency, but still desiring the same unknown element. Like Sandrine, once the handler had extracted all of the evidence he could from Sarah, he attempts to kill her. Not able to trust anyone, Sarah spends the duration of her time in the construct trying to stay alive long enough to uncover the truth, and find out why so many people want her dead. She endures a series of wire-fu fights and a car chase while conducting an intense investigation into her past. Sarah eventually finds herself back in the white room where she started, where, before she can be killed, two gunshots are heard and a slow, wobbly figure emerges from the shadows. The figure is revealed to be J. Edgar Hoover , who is very much alive and very happy to see that his granddaughter, Sarah, is doing just fine. Apparently, Hoover was aware that two government factions had ascertained that he was still alive, and he used his granddaughter as bait to flush out these two agencies, thus eliminating them and any proof of his continued existence. Having shared this, Hoover helps Sarah up and dusts her off, and the two walk off into the light.\n"}