{"wikiId": "23844677", "titre": "East Side, West Side", "dateSortie": "1949", "duree": "108.0", "genre": ["Thriller", "Drama"], "resume": "Just after World War II, socialite Jessie Bourne  is home alone one night in her Gramercy Park apartment on New York\u2019s East Side when she receives a mysterious hang-up phone call. Her playboy husband Brandon  is out enjoying himself at the Del Rio night club where young model Rosa Senta , who has seen and admired Jessie at fashion shows, admonishes Brandon for going out alone. Brandon tries to mollify Rosa but is cut short when Bandon\u2019s former mistress, gold-digging Isabel Lorrison , walks in. She has returned from Paris intent on rekindling the romance, but he rebuffs her claiming he is now faithful to his wife. Isabel's date, wealthy Alec Dawning (Douglas Kennedy , who knows Brandon's reputation, knocks him unconscious. Brandon is rescued by Rosa, who takes him to her home to recover. Brandon returns home to find Jessie waiting up and tells her that he was working late, stopped for a drink, got knocked out by a drunk, but was rescued by Rosa. The next morning her friend Helen Lee  calls on Jessie to remind her of the Lee\u2019s party that night for journalist and ex-NYPD cop Mark Dwyer , returning from the war. During the visit, Jessie confesses to Helen that she is afraid of what will happen to her marriage now that Isabel is back in town. At a fashion show, Jessie takes Rosa aside to thank her for rescuing Brandon. They become friends when Jessie realizes that Rosa\u2019s sweetheart is Mark Dwyer and offers to take Rosa to LaGuardia Airport to pick him up. As he is leaving his office for Helen's party, Brandon is visited by Isabel, who manages to entice him to her apartment. Jessie goes to the party alone and becomes more acquainted with Mark, who explains that Rosa has a girlhood crush that she would have gotten over long ago except that he was overseas. Jessie finds out that Brandon is with Isabel, and Mark, falling hard for the more mature Jessie, comforts her until Brandon returns. Although they fight, Brandon convinces Jessie of his love and proposes a second honeymoon in Virginia. The next day, as she is preparing to go away, Jessie is called by Isabel for a showdown at her apartment in Greenwich Village on the West Side. Mark unwittingly drives her there and admits his love for her, but is resigned to her trying to save her marriage. Jessie refuses to back down after Isabel gloats that if she calls, Brandon \u201cwill come running\u201d. When Jessie returns home Brandon calls to tell her that he has found Isabel murdered and summoned the police. She and Mark immediately return the apartment, where Lt. Jacobi  takes Brandon downtown. Mark finds a woman's broken fingernail that leads him to Alex Dawning\u2019s private party at the Del Rio club, where he determines that Alec's jealous girlfriend committed the murder. Brandon is released, but Helen realizes that Isabel was right about him all along and that she no longer loves him.\n"}