{"wikiId": "73392", "titre": "Chan Is Missing", "dateSortie": "1982-04-24", "duree": "80.0", "genre": ["Crime Fiction", "Detective fiction", "Buddy film", "Indie", "Detective", "Comedy-drama", "Action/Adventure", "Drama", "Comedy", "Crime Comedy", "Action"], "resume": "Two cabbies search San Francisco's Chinatown for a mysterious character who has disappeared with their $4000. Their quest leads them on a humorous, if mundane, journey which illuminates the many problems experienced by Chinese-Americans living at the margins of contemporary American society.\n"}