{"wikiId": "33551961", "titre": "Our Flags Lead Us Forward", "dateSortie": "1933", "duree": "", "genre": ["Propaganda film", "Black-and-white"], "resume": "Expand section|dateBaird121>Baird , p. 121 The movie's message is characterized by its final words, \"The flag means more than death\".Leiser , p. 35. In one scene, his argument for his son being with him revolves about his sufferings in the war and his unemployment.Leiser , p. 37. The communist who invited Quex to a Communist Youth outing, while saying that he has to be eliminated, takes no part in the killing, Quex having made a strong impression on him.Leiser , pp. 35-36.  \n"}