{"wikiId": "26088268", "titre": "Bonani", "dateSortie": "1990", "duree": "108.0", "genre": [], "resume": "The film centres around a forest ranger who confronts illegal timber merchants and contractors on behalf of the impoverished tribal people. His actions result his frequent transfers that annoys his wife who wants to settle down and look after their ailing children. Eventually she stands by her husband in his fight and the tribal people also realise that they need a weapon to defend themselves.\n"}