{"wikiId": "4903470", "titre": "Jane Eyre", "dateSortie": "1973", "duree": "275.0", "genre": ["Costume drama"], "resume": "In this version of Charlotte Bront\u00eb's great novel, Jane Eyre  is an independent and strong-minded young woman who is hired by Mr. Rochester  to work as a governess. What she does not realize is that she must share the estate  with his wife, Bertha , who is, by this point in her life, mentally ill and kept locked away in an upstairs attic. For a full length summary see: Jane Eyre plot summary.\n"}