{"wikiId": "12812712", "titre": "El abuelo", "dateSortie": "1998-10-30", "duree": "151.0", "genre": ["Drama", "World cinema"], "resume": "Don Rodrigo Count of Albrit, an old Spanish aristocratic, returns to turn of the 19th to 20th century Spain after losing his fortune in America. The death of his only son has made him come back to his family estate, now in possession of his daughter in law, Lucrecia. Upon his return, Don Rodrigo is pleased to meet his granddaughters, Dolly and Nelly, both of which are adorable and attentive towards him. However there is something nagging Don Rodrigo. His son died heartbroken after he discovered his wife was having an affair with a Parisian painter and he left a letter stating that one of the girls is an illegitimate child, not of his blood, and therefore not entitled to be his true heir or true successor to his name and country estate. To the Count of Albrit, it is a matter of honor to know who of the girls is his real granddaughter. To uncover the truth he confronts his son's widow, Lucrecia. Lucrecia, now 32, is an English born beauty with a scandalous reputation, who married the Count\u2019s son when she was 18 and was unfaithful to her husband during their marriage, having an affair with a Parisian painter. Confronting her, the Count of Albrit, who opposed the match, tells her she killed his son, who died of sadness, loneliness and shame brought on by her infidelity. Lucrecia replies that life is complicated, as are the emotions between men and women. In any case she vehemently refuses to discuss the matter of her daughter\u2019s paternity. Lucrecia is well connected. Her latest liaison, with Jaime, a Government minister, has benefited the village where her lands lie. When she sees her family relationships and a future move from the provinces to Madrid threatened, she tries to use her standing with the town\u2019s authorities and the local clergy to thwart the old man in his quest. Their plan is to have the Count of Albrit confined in a nearby monastery, but the still-formidable Don Rodrigo quickly realizes their intentions and manages to escape their trap. He reminds some of the smarmy villagers of their checkered past in the days when the Count of Albrit was a power to be reckoned with. During his quest to find the true origin of his granddaughters, the Count of Albrit befriends the girl\u2019s teacher poor old P\u00edo Coronado. Too kind for his own good and saddled with six unseen but abusive and sluttish daughters, Coronado would like to kill himself, but he lacks the courage. The straightforward Count tells the tutor that he will be only too happy to toss him off a cliff into the sea, whenever Coronado is ready. In the meantime, Sen\u00e9n, a mercenary servant, offers an incriminating love letter for sale. The letter implies that Dolly, the eldest of the two girls, who all along has defended forcefully the well being of her grandfather, is the legitimate child. With this piece of information, Don Rodrigo confronts his daughter in law once again. He asks her to allow him to live with Dolly in the family rural estate, but Lucrecia refuses to be parted from any of her daughters without admitting the truth about Dolly\u2019s paternity. Soon after, Lucrecia\u2019s confessor reveals to Don Rodrigo that he has been in the wrong. Nelly is his biological granddaughter. Finally reconciling with the Count of Albrit, Lucrecia leaves for Madrid with Nelly. Dolly stays behind with don Rodrigo, who has his wished fulfilled. Pio Coronado buries his suicidal intentions.\n"}