{"wikiId": "10813763", "titre": "Sati Sulochana", "dateSortie": "", "duree": "170.0", "genre": ["Black-and-white"], "resume": "Sati Sulochana is based on the character Sulochana from the Ramayana. She is the wife of Indrajit and the daughter-in-law of Ravana, the demon-king in Ramayana. The film tries to portray the goings on of the war between the Hindu god Rama and Ravana as seen from the point-of-view of Sulochana. Ravana abducts Rama's wife Sita to his kingdom of Lanka, drawing Rama into a war. In the course of the war, Rama's brother Lakshman is knocked unconscious by an arrow from Indrajit and is revived by a medicinal herb called Sanjeevani{{dn|date\"IndiaNetZone\">Early history of Kannada cinema - An online article from IndiaNetZone.com Unable to bear the pain of husband's death, Sulochana commits sati sacrifice.\n"}