{"wikiId": "33488749", "titre": "Show", "dateSortie": "2002-09-13", "duree": "", "genre": ["Comedy film", "Drama"], "resume": "Ridhima , an executive from Delhi-based pharmaceutical company visits a remote village in AP to make a deal on patents with a professor who invented a new drug. The professor leaves a note that he would return late as he had to attend some urgent work and she shall wait for his arrival. At that time Madhav Rao, a junior lawyer who supervises the event of patent selling arrives at that place. Radhima is a fun loving unmarried girl. Madhav Rao is a frustrated married guy. The events that take place for a few hours between these two makes up the story.\n"}