{"wikiId": "431333", "titre": "My Big Fat Greek Wedding", "dateSortie": "2002-02-22", "duree": "96.0", "genre": ["Romantic comedy", "Ensemble Film", "Indie", "Comedy of manners", "Drama", "Comedy", "Romance Film", "Domestic Comedy"], "resume": "Fotoula \"Toula\" Portokalos  is going through an early midlife crisis. At thirty, she is the only woman in her family who has \"failed\". Her family expects her to \"marry a Greek boy, make Greek babies, and feed everyone until the day she dies.\" Instead, Toula is stuck working in the family business, a restaurant, \"Dancing Zorba's\". In contrast to her \"perfect\" sister, Athena , Toula is frumpy and cynical. She fears she's doomed to be stuck with her life as it is. At the restaurant, she briefly sees Ian Miller, a handsome school teacher. This event, combined with an argument with her overly-patriotic father, Gus - who merely wants his daughter to marry and settle down rather than pursue a career - motivates her to begin taking computer classes at a local college. She also gets contact lenses, wears her hair curly, and begins to use makeup. Maria, her mother, and her aunt Voula  then contrive a way to get Gus to allow her to work at Voula's travel agency. Toula feels much better in her new job, especially when she notices Ian hanging around looking at her through the window. They finally introduce themselves and begin dating. Toula keeps the relationship secret from her family until some weeks later when Gus finds out. He throws a fit because Ian is not Greek and orders Toula to end the relationship, but Ian and Toula continue to see each other against Gus's wishes. Ian proposes marriage to her, she accepts. Gus is hurt and infuriated, feeling his daughter has betrayed him, and Ian agrees to be baptized in the Greek Orthodox Church and speak fluent Greek to be worthy of her family. As the year passes, the wedding planning hits snag after snag as Toula's numerous relatives \"helpfully\" interfere. Her father insists on inviting the entire church to the ceremony, her mother orders the invitations but misspells Ian's parents' names, and Toula's cousin Nikki  orders tacky bridesmaids' dresses. Toula is horrified to learn that her parents invited the entire family to what was meant to be a \"quiet\" dinner, and the Millers, not used to such cultural fervor, are overwhelmed. The wedding day dawns with liveliness and hysteria, but the traditional wedding itself goes without a hitch. Gus gives a speech accepting Ian and the Millers as family and buys the newlyweds a house right next door to him. An epilogue shows the new couple's life six years later in which they have a daughter, Paris, whom they raise in the Greek style, but Toula tells her she can marry anyone she wants when she grows up after she says she wants to go to Brownies instead of Greek school.\n"}