{"wikiId": "5659653", "titre": "Wilby Wonderful", "dateSortie": "2004", "duree": "99.0", "genre": ["LGBT", "Ensemble Film", "Indie", "Drama", "Comedy", "Black comedy"], "resume": "The small Maritime island town of Wilby is preparing for its annual fair as a scandal threatens to rock its very foundation: the local newspaper is about to publish details and names of men caught during a police raid at Wilby Watch, the one remaining undeveloped area on the island. The scandal will force the characters to reevaluate their lives and come to terms with their own secrets and lies.\n"}