{"wikiId": "31085054", "titre": "Appointment in Honduras", "dateSortie": "1953", "duree": "79.0", "genre": ["Thriller", "Romance Film", "Action", "Adventure", "Comedy film"], "resume": "This story originates from a Central American country. Sylvia Sheppard  and a handsome gentleman Jim Corbett  is in the jungle and facing dangerous lizards, tigers and other animals. Corbett was hired to ensure that a large sum of money, came to a deposed political leader of South America. Sylvia and her husband Harry Sheppard  are taken prisoner by the corrupt businessmen ... Corbett will have to rescue them.\n"}