{"wikiId": "3099824", "titre": "Category 7: The End of the World", "dateSortie": "2005", "duree": "240.0", "genre": ["Thriller", "Disaster", "Political thriller"], "resume": "Following the events in Category 6: Day of Destruction, the superstorm that hit Chicago is continuing to grow in size and strength, with tornadoes hitting Paris and destroying the Eiffel Tower. Judith Carr , the new head of FEMA struggles to coordinate efforts to prepare for the aftermath of the storm and provide aid to ravaged areas. She calls in her former college lover, Dr. Ross Duffy , and her father Senator Ryan Carr  to help her try to determine what is causing the storms and how to deal with the political issues. Tommy Tornado , who survived his seeming death in the previous film, returns to aid in tracking the storm in the United States, assisted by scientist Faith Clavell . Similar storms are developing around the country and an interaction between urban heat islands and \"falling chunks of mesosphere\" fuels the storms making them more powerful. Hurricane Eduardo strikes toward Florida while the Category 6 storm hits Buffalo and heads towards New York City. During these catastrophic events, two Christian fundamentalists  fake the arrival of the plagues of Egypt to lure in new converts, culminating in their kidnapping of the first-born children of Judith Carr and other high-ranking officials. When Tommy and Faith get their data to FEMA when in New York, Judith realizes that Hurricane Eduardo is heading towards Washington, D.C. and the Category 6 storm in New York is heading in the same direction. When both storms collide with the mesosphere, it turns into a \"Category 7\" hurricane, obliterating anything in its path. The force of the storm is so massive, that a category 7 could potentially cause a global catastrophe, possibly leading to the apocalypse .\n"}