{"wikiId": "32563596", "titre": "The Monk", "dateSortie": "2011-07-11", "duree": "101.0", "genre": ["Thriller", "Crime Fiction", "Detective fiction", "Horror", "Erotica", "Detective", "Erotic thriller", "History", "Cult", "Mystery", "Period piece", "Drama", "Crime Thriller"], "resume": "A well respected monk, Capuchin Ambrosio compromises himself with his carnal lust for a pupil, a woman disguised as a monk , she tempts the monk to transgress and he is soon found desiring another, the innocent Antonia. Matilda uses magic spells to help the monk in his pursuit of Antonia, whose rape by him leads to her insanity. It later emerges that Matilda is an instrument of Satan in female form. The focus is also on Antonia's previous relationship with Lorenzo, whose sister is tortured by hypocritical nuns for her own relationship. Returning to Ambrosio, he is delivered to the Inquisition; escaping only by selling his soul to the devil. The devil prevents Ambrosio's final repentance, and informs Ambrosio that Antonia is the monk's sister.Vincent Cassel Toplines Dominik Moll's 'The Monk' IonCinema. 5 April 2010\n"}