{"wikiId": "2667958", "titre": "Deep Rising", "dateSortie": "1998-01-30", "duree": "107.0", "genre": ["Natural horror films", "Science Fiction", "Horror", "Sci-Fi Horror", "Creature Film", "Action/Adventure", "Action"], "resume": "The film opens with an explaination about deep water trenches with undiscovered sea life. A boat is being piloted through a storm on the South China Sea by John Finnegan . With him are his crewmen Joey \"Tooch\" Pantucci (Kevin J. O'Connor , and Joey's girlfriend Leila . Finnegan has been hired to lead a group of mercenaries to an undisclosed location in the middle of the ocean. The mercenaries are: Hanover , Vivo , Mason , Mulligan , Billy , T-Ray , and Mamooli . Meanwhile, the luxury cruise ship Argonautica embarks on its maiden voyage. The ship is the brainchild of Simon Canton  and led by Captain Atherton . Canton and Atherton discover a woman, Trillian , attempting to steal from the vault. They lock her in a storeroom as the brig is incomplete. Soon after, a saboteur disables the ship's navigation and communication systems. A large object is then detected by the sonar, headed towards the ship. They collide, flooding the ship and leaving it dead in the water. Finnegan realizes their destination is the Argonautica. The mercenaries plan is to rob the vault and sink the ship. Finnegan's boat suddenly hits a speedboat that had detached from the cruiseliner, causing damage to Finnigan's boat engines. Everyone transfers over to the liner, except for Leila and Billy. Finnegan, Joey, and the mercenaries explore the abandoned ship, finding only blood and damaged superstructure. Soon after, they begin to hear screeches and ominous sounds on the boat. Back on Finnegan's boat, Leila is dragged overboard by an unseen creature. Finnegan and Joey go to the cruiseliner's engine room to get parts to fix their boat. T-Ray and Mamooli go along to guard them, but are killed by a unseen creature. On Finnegan's boat Billy, too, disappears. Finnegan and Joey then find Trillian, still locked in the storeroom and unaware of what happened. They are captured by Hanover, Vivo, Mason, and Mulligan, who still want to get into the vault before leaving. Vivo opens the vault, but killed with an axe by Canton and Atherton, who were hiding inside. They all enter an elevator Canton and Atherton explain creatures attacked the ship and killed everyone else on board; the group soon discovers human skeletons stripped clean of flesh in the bottom of the ship.They try to go to the end of the hallway, but after some noise, cause some of the creatures to go after them and bend the walls,causing them all to head back to the elevator. They manage to elude the tentacles after stopping for rest near the boiler rooms. After qestioning Canton is also revealed to be the saboteur; he hired the mercenaries to destroy the ship so he could collect on the insurance, due to badly misplaying with the market and having to pay 400 million dollars for the ship. They find one of the creatures, and open fire, spilling out a Billy, who had been half digested in the stomach, who dies minutes later. The group is suddenly attacked by giant tentacles, when Captain Atherton is killed. Trillian and Finnegan decide to make a deal, but not before the creatures, which they find are really tentacles, surprises them, and reveals its main mouth of the tentacle. They manage to fight it off, however. The remaining survivors agree to work together to escape. Canton theorizes that the tentacles are from evolved deep-sea worms which strip their prey of body fluids and then eject the carcass. The group is forced to swim under a collapsed section of the deck to reach an exit; Mason is the last in line and is eaten. Once through, Mulligan goes insane and attempts to stand alone against the creatures, giving the others a chance to escape before he is killed.It soon became apparent that the tentacles are herding them to the bow, where they find the carcasses of all the passengers and crew, which Finnegan believes is a feeding place. Finnegan, Trillian, Joey, Hanover and Canton become separated. Hanover tries to sacrifice Joey to save himself, but Joey escapes and Hanover is instead killed. Canton realizes the ship is sinking, meaning he would collect the insurance money after all. Finnegan and Joey make it back to the boat but without the engine parts. They see an island in the distance, but it is too far to travel without engines. Finnegan tells Joey to set the boat on autopilot and crash it into the Argonautica to destroy the creature. Finnegan returns to the ship to find Trillian and get a jet ski from the cargo bay. Canton tries to kill Trillian so there are no witnesses to his scheme, but Finnegan saves her and Canton flees back into the ship. The creature pulls itself out of the water and attacks the two, but they escape. Finnegan returns to his boat to find Joey gone with evidence of another attack. Finnegan sets the boat's autopilot and leaves on the jet ski with Trillian. Canton climbs on board, but cannot turn off the autopilot, so the boat rams the Argonautica and explodes, killing the creature and Canton. Finnegan and Trillian use the jet ski to travel to the nearby island, where they find Joey on the beach. He survived the attack and escaped to the island using Finnegan's surfboard. As the three relax, a loud roar echoes across the island and something crashes toward them through the nearby forest. An exasperated Finnegan mutters \"Now what?\"\n"}