{"wikiId": "21652388", "titre": "Lake Mungo", "dateSortie": "2008", "duree": "87.0", "genre": ["Thriller", "Horror", "Psychological thriller", "World cinema", "Supernatural"], "resume": "Sixteen-year-old Alice Palmer drowns while swimming in the local dam. When her body is recovered and a verdict of accidental death returned, her grieving family buries her. The family then experiences a series of strange and inexplicable events centred around their home. Profoundly unsettled, the Palmers seek the help of psychic and parapsychologist, Ray Kemeny. The family soon discovers that Alice led a double life. A series of clues lead the family to Lake Mungo where Alice's secret past emerges.\n"}