{"wikiId": "6102449", "titre": "Chakram", "dateSortie": "2005-03-25", "duree": "150.0", "genre": ["Romantic drama", "Romance Film", "Drama", "World cinema", "Tollywood"], "resume": "Chakram  is a foreign returnee and has a dream of building a hospital at Pulivendula. He is in love with his colleague, Lakshmi  who studied with him abroad. But leaves her half-way through after he realizes that he was struck with cancer. Not wanting to tell her, he moves to Hyderabad and stays in place called \u2018Sahara Colony\u2019. There, he tries to solve people problem's in the colony. Seeing all this, another girl who is also named Lakshmi  falls in love with Chakram. The rest is a heart-rending saga of the cancer-struck patient's love station.\n"}