{"wikiId": "6752639", "titre": "Souriante Madame Beudet, La", "dateSortie": "1922", "duree": "37.0", "genre": ["Short Film", "Silent film", "Indie", "Black-and-white"], "resume": "Her husband is used to playing a stupid practical joke. A frequent stunt is one in which he puts an empty revolver to his head and threatens to shoot himself. One day, while the husband is away, she puts bullets in the revolver. However, she is stricken with remorse and tries to retrieve the bullets the next morning. Her husband gets to the revolver first, only this time he points the revolver at her. The bullet misses her, and he thinks she was trying to commit suicide; he embraces her and says \"How would I have lived without you?\"\n"}