{"wikiId": "8557673", "titre": "American Dreamer", "dateSortie": "1984", "duree": "105.0", "genre": ["Crime Fiction", "Romantic comedy", "Adventure", "Comedy film", "Action/Adventure", "Thriller", "Comedy", "Romance Film", "Action"], "resume": "plot}} A voice over says, \"No, that's not right.\" The scenario is repeated with adjustments until the voice is eventually satisfied. The screen fades to Cathy Palmer  sitting at a typewriter, finishing up the story. She seals it in an envelope and sends it off. Later, her husband, Kevin , comes home and she tells him about entering a contest to write a short story following the \"Rebecca Ryan\" series of novels. Kevin is patronizing, telling her, \"The important thing, kid, is that you're doing something you like to do\". Cathy is notified by mail that she has won the contest, including an all-expense paid trip to Paris for two, an Award ceremony and a meeting with the author of the \"Rebecca Ryan\" novels. Kevin is uninterested in the trip and tries to persuade her to decline, but she goes on the trip alone. While sightseeing in Paris, her purse is snatched. Chasing the thief, she runs into a street where she is knocked down by a car. The accident leaves Cathy with amnesia; she thinks she is the detective, Rebecca Ryan. She escapes from the hospital and assumes Rebecca's dashing persona, lavish wardrobe, and residence at the H\u00f4tel de Crillon. When she returns to her apartment, she is greeted by Alan McMann , who thinks she is a clerical assistant he has requested from an agency. Rebecca ignores all of the tasks he assigns her, instead believing that Alan is Rebecca's sidekick, Dimitri. Rebecca is convinced that she must save Victor Marchand , the leader of the opposition party, from an assassination plot. Rebecca and Alan chase Victor around Paris in an attempt to protect him from the  murder plot, with Victor instead getting injured several times from Rebecca's rescues. They are also running from a shadowy figure. Rebecca and Alan flee to Alan's mother's house. While there, Alan and Rebecca consummate their relationship. But there's a shadowy figure outside the window... Kevin enters the house and meets Rebecca & Alan coming down the stairs. Kevin punches Alan, and Cathy recognizes her husband and is shocked out of her amnesia. She faints. While recovering at a hospital, Cathy apologizes to Alan for her delusions and bids him goodbye. At the airport, she realizes that she does not want to go home with Kevin. She leaves Kevin at the airport, and returns to the hotel to find Alan. They embrace, and are soon kidnapped. Cathy and Alan learn their kidnapper is Victor, the man they'd been trying to \"protect\" all along. Victor has been seriously injured from Rebecca's repeated rescue attempts, and is clad in neck brace and arm sling, and walks with a cane. Victor reveals that he is running a drug-smuggling operation, and he believes that Cathy and Alan know about his secret criminal dealings. Alan tries to tell Victor the truth about Cathy's accidental amnesia and series of lucky coincidences, but Victor doesn't believe them. Cathy and Alan manage to escape from their bonds and jump into the river, eluding Victor and his henchmen. Cut to... A living room. Cathy and Alan  are reading the manuscript of the most recent Rebecca Ryan novel to Cathy's two children. They get to the end of the chapter, and pack the kids off to bed, in spite of the children's demands to know \"what happens next\". The film ends with some banter and cuddling where Alan and Cathy tease that the next part of the Rebecca Ryan story  is too sexy to be written down.\n"}