{"wikiId": "10071292", "titre": "Along Came a Spider", "dateSortie": "2001-04-06", "duree": "104.0", "genre": ["Crime Fiction", "Thriller", "Psychological thriller", "Mystery", "Suspense", "Film adaptation", "Crime Thriller"], "resume": "See also}} After Washington, D.C. detective, forensic psychologist, and author Alex Cross  loses control of a sting operation, resulting in the death of his partner, he opts to retire from the force. He finds himself drawn back to police work when Megan Rose , the daughter of a United States senator, is kidnapped from her exclusive private school by computer science teacher Gary Soneji . U.S. Secret Service Special Agent Jezzie Flannigan , held responsible for the breach in security, joins forces with Cross to find the missing girl. Soneji contacts Cross by phone and alerts him to the fact one of Megan's sneakers is in the detective's mailbox, proving he's the kidnapper. Cross deduces the man is obsessed with the 1932 Charles A. Lindbergh Jr. kidnapping and hopes to become as infamous as Bruno Hauptmann by committing a new \"Crime of the Century\" that might be discussed by Cross in one of his true crime books. Megan's kidnapping proves to be only part of Soneji's real plan: to kidnap the son of the Russian president, Dimitri Starodubov , guaranteeing himself greater infamy. After Cross and Flannigan foil his second kidnapping plot, a supposed call from the kidnapper demands that Cross deliver a ransom of $10 million in diamonds by following an intricate maze of calls made to public phone booths scattered throughout the city. Cross ultimately tosses the gems out the window of a rapidly moving Metro train to a figure standing by the tracks. When Soneji later arrives at Flannigan's home and confronts Cross after disabling Jezzie with a taser, the detective realizes the kidnapper is unaware of the ransom demand and delivery. Soneji tries to leave with Flannigan but Cross kills him. Cross becomes suspicious and realizes that someone discovered Soneji long before his plot came to fruition. After searching Flannigan's home computer, he finds enough evidence to prove that Jezzie and her fellow Secret Service agent, Ben Devine (Billy Burke , used Soneji as a pawn in their own plot. He tracks them down to a secluded farmhouse where Flannigan has murdered Devine and is now intent on eliminating Megan Rose. Cross saves Megan and shoots Flannigan in the heart, killing her.\n"}