{"wikiId": "13727751", "titre": "Minghags: The Movie", "dateSortie": "", "duree": "", "genre": ["Comedy"], "resume": "Trailer trash rockers Lenny  and Ponce  have vowed revenge, on billionaire scum-bag Rut Ru  and his bloated sidekick Dominick  who have heisted Ponce's cool invention, the Garbage Juicer. In dire desperation, the dimwits call on Tucker  a whipped wussy, endlessly obsessing over his slutty sweetheart Libby . But alas, Tucker's love is lost, as Libby is hung-up on a hot-hunk named Bruno. Meanwhile, campus nincompoop Ralph  has flunked and found himself grounded for life by his father  And just when you thought the plot couldn't be any more contrived, the triteness increases as Lenny and Rut Ru up the ante, culminating in cameos by Jimmy Pop and Jared Hasselhoff of the Bloodhound Gang, Don Vito, Rake Yohn, Compton Ass Terry, The Dudesons, Phil Margera, April Margera, Brandon Novak, Gina Lynn, Jess Margera, Chad I. Ginsburg, Ryan Gee, Joe Frantz!\n"}