{"wikiId": "2008260", "titre": "Amen.", "dateSortie": "2002", "duree": "130.0", "genre": ["Christian film", "Drama", "Political drama", "World cinema", "War film"], "resume": "Expand section}} The film Amen. examines the links between the Vatican and Nazi Germany. The central character is Kurt Gerstein , a Waffen-SS officer employed in the SS Hygiene Institute, designing programs for the purification of water and the destruction of vermin. He is shocked to learn that the process he has developed to eradicate typhus, by using a hydrogen cyanide mixture called Zyklon B, is now being used for killing Jews in extermination camps. Gerstein attempts to notify Pope Pius XII  about the gassings, but is appalled by the lack of response he gets from the Catholic hierarchy. The only person moved is Riccardo Fontana , a young Jesuit priest. While the character of Kurt Gerstein is historical, the character of the young priest is fictional, and the plot is fictional.\n"}