{"wikiId": "4083138", "titre": "The Sender", "dateSortie": "1982", "duree": "92.0", "genre": ["Horror", "Psychological thriller"], "resume": "A young man has just been admitted to a mental hospital after attempting suicide at a public beach. Unable to remember even his own name, the doctors call him John Doe #83. Soon after his arrival, the doctor assigned to him begins seeing and hearing things around her that have no explanation. Soon she begins to make the terrifying connection between the things she is seeing and her new patient.\n"}