{"wikiId": "27405104", "titre": "Titanic II", "dateSortie": "2010-08-07", "duree": "90.0", "genre": ["Thriller", "Adventure", "Action/Adventure", "Suspense", "Disaster", "Action"], "resume": "On April 14, 2012, 100 years after the sinking of the RMS Titanic, a new, similar-looking luxury cruise liner named the SS Titanic II is christened. It then embarks on her maiden voyage using the same route the Titanic took 100 years before in reverse direction . During the Atlantic crossing, the effects of global warming cause the Helheim Glacier in Greenland to collapse, creating a giant tsunami that sends an iceberg crashing into the ship, while the passengers are partying in the dining saloon. The entire starboard side of the ship and the starboard lifeboat ramps are crushed and immense pressure is put on the liner's turbines. As people struggle to escape the rising waters and run for the submarine-shaped lifeboats on the port side, the turbines eventually explode, killing many people, including ship captain Will Howard. The explosion also caused an immense fire inside the sinking vessel, which is listing to its starboard side. Minutes later, another tsunami, this one more powerful and faster than the speed of sound, caused by a second collapse of the Helheim Glacier hits the liner, flipping it upside-down and drowning the people still on board and killing all the passengers in the lifeboats. With most of the ship flooded, the Titanic II finally sinks. Very few passengers survive.\n"}