{"wikiId": "35008182", "titre": "The Pique Poquette of Paris", "dateSortie": "1966-08-25", "duree": "6.0", "genre": ["Short Film", "Animation"], "resume": "The Inspector and Sergeant Deux-Deux are assigned to take down a notorious \"pique poquette\"  named Spider Pierre, so named because he has four arms and two legs. Their first attempt to lure him out is at a favorite watering hole of Spider Pierre, where The Inspector, after borrowing a thousand francs from Deux-Deux , goes in, flashes it around, and orders a drink. While waiting for the drink, he puts his wallet in his back pocket, where it is quickly snatched by Spider Pierre. After he drinks his drink, he goes to pay for it, and realizes his wallet was taken. The bartender then violently throws him out. Undeterred, The Inspector obtains more money from Deux-Deux  to go back in.Before Deux-Deux could tell him that the money is play money belonging to his daughter,Maria,the Inspector tells him to synch his watch,but as they go to synchronize their watches, Spider Pierre sneaks up and takes just about everything out of The Inspector's pockets , convincing him they were dealing with a vacuum cleaner. While chasing Spider Pierre through an alley, Pierre whips out his \"spider webley specialist\"  and uses it to spin a web at the other end of the alley, which slingshots The Inspector's car back all the way into the Eiffel Tower, damaging it . Later while chasing Spider Pierre on foot, Pierre sends a piece of thread to the top of a building and climbs up, followed by the Inspector, who afterwards walks on another piece of thread like a highwire, only to meet Pierre at the other end holding the other end of it. He lets go and the Inspector swings into the side of a building, taking out part of the wall. He crashes down with the wall, only to have a safe crash on him and send him through the pavement into a subway line. In the next scene, The Inspector is chasing Spider Pierre again. Pierre runs up the side of a building this time, and the Inspector tries to do so at first himself, but falls down. Undeterred again, he comes back with plungers on his feet, and starts running up the building after him. However, Pierre opens a window in the Inspector's path, and he falls into a woman's apartment, who screams and chases him out, accusing him of being a peeping Tom, then hits him over the head with a broom. When the Inspector hits the ground, he lands on the plungers, then springs back up to the woman, who hits him again. This keeps repeating, and as Deux-Deux watches, he says, \"Well, that's cop biz for you. It has its ups, and downs.\" Finally, Deux-Deux faces Spider Pierre directly and threatens to \"let him have it\" if he doesn't surrender. This prompts Pierre to laugh uncontrollably, and Deux-Deux blasts him with DDT and subdues him. Later in prison, we see that not only is Spider Pierre in there, so is the Inspector, apparently for having counterfeit money on him, as the money he borrowed from Deux-Deux was his child's play money.\n"}