{"wikiId": "12833694", "titre": "Ganga Addara", "dateSortie": "1980", "duree": "", "genre": ["Musical", "Drama"], "resume": "England educated Dr. Sarath Pathirana , who is willing to try out new methods to treat his patients, is directed towards a special patient by the Head Doctor  at the mental hospital. This patient is a beautiful girl named Nirmala , who does not speak a single word nor trouble anyone excessively unlike any other patient at the hospital. In order to cure her, Dr. Pathirana seeks help from her father, a proud, rich man called D.J. Atapattu  and the patient herself. He is certain that he can restore her to normal, if he can find out the causes for the sudden change in her mental makeup. Through the several characters in the story, it is revealed that Nirmala was in love with her cousin, Ranjith . He was an educated youth, but not a financially able one like Nirmala's family and so her father refused their marriage. Instead, she was married to the son of the rich, dignitary Kobbekaduwa family from Kandy. After six months of their wedding, she becomes pregnant and is about to leave to her parents' home, when a white lady with two children arrive at their home. The two children are seen calling her husband, \"Daddy.\" As soon as Nirmala is aware of the fact that Kobbekaduwa was married with two children in England, she poisons herself and is taken to hospital. It is this incident that had changed Nirmala's life as well as her mental condition. She had not spoken a word since then. Yet, through Dr. Pathirana's kindness, she begins to gradually heal, when her forehead is hurt by another patient at the hospital. This accelerates Nirmala's recovery and she regains her lost memory. But, by that time, Dr. Pathirana has fallen in love with her. Her parents are now ready to tie their daughter's knot with Ranjith, who has returned from England after his higher studies. But, Ranjith's parents have already agreed on another girl. On the other hand, Dr. Pathirana is also ready to accept Nirmala's hand, although she does not remember a bit of the history with him at the hospital now. At the end, she goes back to the place near the river, where she spent her childhood with Ranjith and she extends her hand to who she fantasizes as being him in a boat approaching the bridge, when she falls in to the river and presumably drowns.\n"}