{"wikiId": "3732839", "titre": "Jennifer Eight", "dateSortie": "1992-11-06", "duree": "125.0", "genre": ["Thriller", "Psychological thriller", "Mystery", "Suspense", "Crime Thriller", "Whodunit"], "resume": "John Berlin  is a former Los Angeles cop teetering toward burnout after the collapse of his marriage. At the invitation of an old friend and colleague, Freddy Ross , Berlin heads to rural northern California, for a job with the Eureka police force. Instead, Berlin prickles his new colleagues, especially John Taylor , who was passed over for promotion in order to make room for Berlin. After finding a woman's severed hand in a garbage bag at the local dump, Berlin reopens the case of an unidentified murdered girl, nicknamed \"Jennifer\", which went unsolved despite a full-time six-month effort by the department. Berlin notices scars on the severed hand's fingers and realizes that they came from reading Braille, determining that the girl is blind. He begins to believe the cases are related. Berlin does his best to convince Freddy and his fellow officers of his suspicions, but Taylor, and police chief Citrine , refuse to believe that the hand found at the dump is in any way connected to the other cases. After consulting his former colleagues in L.A., Berlin discovers that in the previous four years, six women, most of them blind, have either been found dead or are still missing, all within a 300 mile radius of San Diego. He becomes convinced that \"Jennifer\" was the 7th victim and the girl whose hand was found at the dump is \"Jennifer 8\", or victim #8. While investigating the links between the dead and missing blind girls, he meets blind music student Helena Robertson , determining that her roommate Amber was the eighth victim. Berlin becomes obsessed with the case, despite an almost complete lack of hard evidence, and becomes romantically involved with Helena, who resembles his ex-wife. After an attack on Helena, Ross accompanies Berlin on a stakeout at the institute where Helena lives in a dorm, after leaving Helena with Ross' wife Margie . When they see a flashlight shining on the same floor as Helena's apartment, Berlin investigates and is knocked unconscious by the killer, who then shoots and kills Ross with Berlin's .32 pistol. After a grueling interrogation by FBI special agent St. Anne , Berlin figures out that the killer is Taylor, whose killing spree began when he was a San Diego detective and was prompted by a childhood spent attending a school for the blind, where his mother, also blind, was a teacher. Berlin tries to tell St. Anne and Citrine what he has learned, but St. Anne and Citrine refuse to believe him. Berlin is arrested for Ross's murder, but is bailed out by Margie, who believes that Berlin is not the killer. When Berlin hears that Margie has taken Helena back to the institute, Berlin knows Helena and Margie are in danger, because Taylor believes Helena to be a witness to his abduction of her roommate Amber and intends for her to be his next victim. Margie masquerades as Helena, and is chased by Taylor at the dorm. Taylor catches up and threatens her, then is shocked when the woman that he thinks is Helena turns around and he sees Margie's face - and a revolver pointed right at him. Margie shoots Taylor, avenging her husband's death and closing the case.\n"}