{"wikiId": "21547924", "titre": "Los Amigos", "dateSortie": "1972", "duree": "91.0", "genre": ["Spaghetti Western"], "resume": "The Republic of Texas has just gained its independence from Mexico. However, President Sam Houston fears the various rebels and interest groups that may take advantage of the Republic's newly won independence. He sends Erastus 'Deaf' Smith  to put down one of the rebel groups led by Mexican general, Lucius Morton . Smith brings along his friend Johnny Ears  to help him. Ears must do his best to hide Smith's handicap, and to prevent their exposure when the rebel groups learns that a deaf-mute spy is among them.\n"}