{"wikiId": "23524959", "titre": "Iron Road", "dateSortie": "2009", "duree": "190.0", "genre": ["Drama"], "resume": "Iron Road follows the journey of Little Tiger , a child whose quest for her long-lost father takes her from a fireworks factory in China to a remote construction camp in the Rockies. Lured by the myth of 'Gum San' - Gold Mountain - she and her countrymen come to Canada by the thousands to do the back-breaking work of blasting through the mountains to lay track. She soon learns that railroads only bring fortune to the few and that every mile of track is purchased with fear and death. As treachery and prejudice threaten her, Little Tiger must use her wits and courage to fulfill her quest and honour her friends who died in this foreign land. Little Tiger keeps the truth about her being a female from the main contractor's son, James Nichol. She has a crush on him and is sexually attracted to him. James Nichol thinks of Little Tiger as just \"one of the guys\" and treats her as a buddy. Nichol strips naked and jumps into a river for a swim and asked Little Tiger to join him. Little Tiger declines profusely, but secretly glances at his naked form when he isn't looking. She later reveals to Nichol that she is a woman and that she really likes him. The two start an affair and the sexual relationship lasts until Little Tiger's father dies trying to save her. The long lost father turns out to be the Chinese railroad construction foreman. The rope holding her when she was working on a cliff placing dynamite, had been deliberately severed. She honours her father's wish to bring his ashes back to China and leaves the railway construction camp. James wants to leave Canada with Little Tiger and spend his life with her, but she declines as they are both from two different worlds which could have \"social implications\". Interracial or inter ethnic relationships were generally discouraged at that time.\n"}