{"wikiId": "31326696", "titre": "Wacko", "dateSortie": "1983", "duree": "90.0", "genre": ["Horror"], "resume": "It all started exactly 13 years ago, when Mary Graves' older sister was murdered on Halloween prom night by a power-mowing maniac. Poor Mary...since then she has experienced horror, sexual frustration, even psychoanalysis, but she still sees little lawnmowers everywhere. But tonight will be different. Tonight, at the new Halloween Prom, all the questions of the past 13 years will be answered as the pumpkin headed killer has returned. But hot on their trail is an obsessed cop  who won't allow history to repeat itself.\n"}