{"wikiId": "14582951", "titre": "A Game for Vultures", "dateSortie": "1979-09-13", "duree": "113.0", "genre": ["Drama", "Political drama", "War film"], "resume": "It is the late 1970s, and smuggler David Swansey  specialises in importing goods to war-torn Southern Rhodesia, defying international sanctions imposed on the doomed nation. Swansey is eventually contracted by the Ian Smith administration to arrange an illicit purchase of American-made Iroquois helicopters for counter-insurgency operations against black African nationalists. However, word of his plan soon reaches the latter, who apply strong political pressure to kill the deal in its cradle - the aircraft shipment in question is impounded upon reaching neighbouring South-West Africa. Meanwhile, one of the many indigenous guerillas resisting the white supremacist policies of the Rhodesian regime is Gideon Marunga , veteran combatant and reluctant participant in atrocities directed against unarmed civilians by his fellow insurgents. Marunga discovers that Swansey, with the aid of the Rhodesian Security Forces and South African sympathizers, hopes to lead an armed raid on the airfield where the Iroquois are being temporarily held - with the intention of stealing them across the border into Rhodesia. On the day of the assault, Marunga arrives at the airfield and stalls the attacking troopers, while his accomplices succeed in destroying some of the helicopters. In the firefight which ensues he comes face to face with Swansey, and the two men subsequently share a weary moment of reflection on their stalemate. Both abruptly part ways; the smuggler permits his enemy to escape unarmed into the night. As word of the foiled transaction spreads, Swansey finds himself unable to continue conducting business on the global scale and is restricted to Rhodesia, where he faces conscription into active duty with the armed forces. The film's storyline closes as Marunga and Swansey confront each other on the battlefield again - this time through the sights of their rifles.\n"}