{"wikiId": "30885871", "titre": "Carnage", "dateSortie": "2011-09-01", "duree": "79.0", "genre": ["Drama", "Comedy"], "resume": "When two grade-school boys get into a fight in the park that results in one boy hitting the other in the mouth with a stick, their parents meet in a Brooklyn apartment to discuss the matter. The parents of the boy wielding the stick, Alan and Nancy Cowan , visit the home of Michael and Penelope Longstreet , the parents of the boy who was struck. Their meeting is initially intended to be short. But due to various circumstances, such as Nancy's vomiting and Alan's numerous cell phone conversations, the conversation continues to draw out. At first, the couples seem to get along, but they hurt feelings makes everyone argue with one another. Such as, Nancy vomiting on Penelope's out of print catalogs and she  gets upset over it. Also, the couples complain about the other when in different places. Nancy and Alan in the bathroom and Penny and Michael in the living room cleaning up Nancy's vomit and Penny's catalogs. The couples then blame each other on who's responsible for the fight between their sons. Nancy calls the Longstreets \"superficially fair-minded\" and Penny and Michael constantly complain about Alan's arrogant and dull attitude. Everyone gets irritated with Alan's many phone calls. Nancy accuses Michael of being a murderer because he supposedly killed a pet hamster of his and Penny's. Penny becomes emotional about the hamster and with everyone arguing with each other. Michael offers everyone a glass of scotch. Penny claims she doesn't \"get drunk\" and Nancy drinks way too many and finally stops Alan's phone calls by putting his cellphone in Penny and Michael's flower vase full of water. Penny and Nancy both laugh uproariously while Michael and Alan try to blow-dry the cell phone. They fail. Nancy's true colors are revealed when she drunkenly and vulgarly states that she was glad that her and Alan's son beat up Penny and Michael's son. The couples repeatedly state that their conversation is getting nowhere. At the end of the film, the film cuts to the footage of the Longstreets' and Cowans' sons reconciling on their own.\n"}